transaction_id,event_time,amount,account_age_days,velocity_1h,country_risk,device_trust,card_present,heuristic_risk_score,confirmed_fraud,chargeback_amount,investigation_code,analyst_notes_length
F00001,2026-03-01 00:00:00,6.1005,1853,2,0,0.485934,1,0.027377,0,0.0,cleared,33
F00002,2026-03-01 00:05:00,85.2622,396,0,0,0.74991,0,0.013262,1,69.7337,fraud_account,63
F00003,2026-03-01 00:10:00,44.4389,2005,2,0,0.550474,0,0.023317,0,0.0,cleared,27
F00004,2026-03-01 00:15:00,71.2986,1029,2,0,0.679299,0,0.007338,0,0.0,cleared,26
F00005,2026-03-01 00:20:00,22.0424,935,5,0,0.611172,1,0.019798,0,0.0,cleared,21
F00006,2026-03-01 00:25:00,34.5911,1025,3,0,0.882352,0,0.025798,0,0.0,cleared,26
F00007,2026-03-01 00:30:00,69.7078,2345,1,0,0.66752,0,0.083573,0,0.0,cleared,25
F00008,2026-03-01 00:35:00,46.4885,377,2,0,0.914215,0,0.022092,0,0.0,cleared,28
F00009,2026-03-01 00:40:00,231.4241,2464,4,0,0.652826,0,0.090787,0,0.0,cleared,24
F00010,2026-03-01 00:45:00,71.0791,182,3,0,0.756615,0,0.028059,0,0.0,cleared,21
F00011,2026-03-01 00:50:00,44.9776,569,1,0,0.514121,1,0.0112,0,0.0,cleared,16
F00012,2026-03-01 00:55:00,13.5575,1555,1,0,0.568857,0,0.026289,0,0.0,cleared,24
F00013,2026-03-01 01:00:00,21.7123,768,2,0,0.812499,0,0.019534,0,0.0,cleared,22
F00014,2026-03-01 01:05:00,34.2347,2353,6,0,0.787192,1,0.028897,0,0.0,cleared,36
F00015,2026-03-01 01:10:00,48.6585,1377,2,0,0.859924,1,0.01602,0,0.0,cleared,29
F00016,2026-03-01 01:15:00,16.5552,1759,1,0,0.558366,0,0.019546,0,0.0,cleared,32
F00017,2026-03-01 01:20:00,35.5939,840,2,0,0.971437,0,0.014821,0,0.0,cleared,30
F00018,2026-03-01 01:25:00,115.7022,1902,0,0,0.729733,1,0.048147,0,0.0,cleared,23
F00019,2026-03-01 01:30:00,28.5876,1682,3,0,0.518159,1,0.022242,0,0.0,cleared,22
F00020,2026-03-01 01:35:00,14.1462,272,2,0,0.3298,1,0.021853,0,0.0,cleared,20
F00021,2026-03-01 01:40:00,15.8372,2203,1,0,0.724423,0,0.012589,0,0.0,cleared,22
F00022,2026-03-01 01:45:00,131.6626,1224,3,0,0.655362,1,0.029761,0,0.0,cleared,24
F00023,2026-03-01 01:50:00,228.0545,1072,1,0,0.279305,0,0.053557,0,0.0,cleared,32
F00024,2026-03-01 01:55:00,13.2835,25,2,1,0.919829,1,0.027714,0,0.0,cleared,30
F00025,2026-03-01 02:00:00,119.9825,449,3,0,0.766345,0,0.077979,0,0.0,cleared,19
F00026,2026-03-01 02:05:00,34.189,1188,1,0,0.289252,0,0.052779,0,0.0,cleared,15
F00027,2026-03-01 02:10:00,25.6694,2124,3,1,0.412074,0,0.069278,0,0.0,cleared,25
F00028,2026-03-01 02:15:00,28.8257,1326,1,1,0.609134,0,0.024398,0,0.0,cleared,17
F00029,2026-03-01 02:20:00,15.3384,1321,2,0,0.927926,0,0.017071,0,0.0,cleared,18
F00030,2026-03-01 02:25:00,92.6741,2485,1,0,0.385693,0,0.05508,0,0.0,cleared,23
F00031,2026-03-01 02:30:00,187.8806,574,2,0,0.806829,0,0.025675,0,0.0,cleared,26
F00032,2026-03-01 02:35:00,58.0779,1054,3,0,0.952589,0,0.033483,0,0.0,cleared,16
F00033,2026-03-01 02:40:00,6.0516,762,2,0,0.813365,1,0.004475,0,0.0,cleared,32
F00034,2026-03-01 02:45:00,58.898,260,2,0,0.549961,0,0.064218,0,0.0,cleared,25
F00035,2026-03-01 02:50:00,30.6596,409,2,0,0.933723,0,0.019199,0,0.0,cleared,24
F00036,2026-03-01 02:55:00,41.7107,1828,3,0,0.747885,1,0.016589,0,0.0,cleared,27
F00037,2026-03-01 03:00:00,39.7467,2044,2,0,0.756486,0,0.046606,0,0.0,cleared,26
F00038,2026-03-01 03:05:00,37.4527,1388,2,0,0.563517,1,0.033998,0,0.0,cleared,27
F00039,2026-03-01 03:10:00,9.5527,1854,3,0,0.797203,0,0.045444,0,0.0,cleared,32
F00040,2026-03-01 03:15:00,29.6226,2356,2,0,0.834164,1,0.021688,0,0.0,cleared,22
F00041,2026-03-01 03:20:00,20.5767,1609,1,1,0.885915,0,0.168398,1,19.6365,fraud_card,79
F00042,2026-03-01 03:25:00,47.7904,2138,0,0,0.892407,0,0.005807,0,0.0,cleared,17
F00043,2026-03-01 03:30:00,543.5227,61,3,0,0.464949,0,0.033882,0,0.0,cleared,19
F00044,2026-03-01 03:35:00,14.6777,1682,2,0,0.803349,1,0.006043,0,0.0,cleared,27
F00045,2026-03-01 03:40:00,96.8827,479,3,1,0.776299,1,0.03691,0,0.0,cleared,25
F00046,2026-03-01 03:45:00,467.4334,36,0,0,0.8033,0,0.09405,0,0.0,cleared,33
F00047,2026-03-01 03:50:00,37.2387,1152,1,0,0.855369,1,0.02671,0,0.0,cleared,33
F00048,2026-03-01 03:55:00,25.9203,2250,3,0,0.918628,0,0.039154,0,0.0,cleared,20
F00049,2026-03-01 04:00:00,61.9226,2164,0,0,0.794592,0,0.016924,0,0.0,cleared,32
F00050,2026-03-01 04:05:00,80.2537,2235,3,0,0.471817,0,0.066066,0,0.0,cleared,25
F00051,2026-03-01 04:10:00,95.0742,1720,1,0,0.798559,1,0.029206,0,0.0,cleared,23
F00052,2026-03-01 04:15:00,29.1458,1986,1,0,0.516754,0,0.047695,0,0.0,cleared,34
F00053,2026-03-01 04:20:00,21.4953,1564,3,1,0.984445,0,0.020191,0,0.0,cleared,26
F00054,2026-03-01 04:25:00,27.1319,1928,3,0,0.525649,0,0.077075,0,0.0,cleared,24
F00055,2026-03-01 04:30:00,16.528,168,0,0,0.601101,0,0.017603,0,0.0,cleared,30
F00056,2026-03-01 04:35:00,64.336,2098,2,0,0.460457,1,0.014472,0,0.0,cleared,24
F00057,2026-03-01 04:40:00,12.5365,634,3,0,0.886464,1,0.017459,0,0.0,cleared,23
F00058,2026-03-01 04:45:00,64.0742,557,1,0,0.455841,1,0.020431,0,0.0,cleared,24
F00059,2026-03-01 04:50:00,35.6102,1830,4,0,0.703478,1,0.090476,0,0.0,cleared,30
F00060,2026-03-01 04:55:00,27.4605,1810,0,0,0.783678,1,0.007815,0,0.0,cleared,32
F00061,2026-03-01 05:00:00,8.074,1836,2,0,0.509853,1,0.008249,0,0.0,cleared,27
F00062,2026-03-01 05:05:00,106.9243,18,1,0,0.295399,1,0.035936,0,0.0,cleared,30
F00063,2026-03-01 05:10:00,18.0906,563,4,1,0.986821,1,0.05666,0,0.0,cleared,25
F00064,2026-03-01 05:15:00,11.9936,138,2,0,0.472514,0,0.020668,0,0.0,cleared,25
F00065,2026-03-01 05:20:00,32.7593,137,1,0,0.543711,0,0.050128,0,0.0,cleared,21
F00066,2026-03-01 05:25:00,117.1561,633,3,1,0.685089,1,0.034945,0,0.0,cleared,28
F00067,2026-03-01 05:30:00,53.0223,1580,1,0,0.875892,0,0.016421,0,0.0,cleared,26
F00068,2026-03-01 05:35:00,23.5433,196,1,1,0.546691,1,0.094012,0,0.0,cleared,19
F00069,2026-03-01 05:40:00,4.7427,169,3,0,0.400412,0,0.031035,0,0.0,cleared,22
F00070,2026-03-01 05:45:00,146.7172,1781,4,0,0.775389,0,0.194874,0,0.0,cleared,19
F00071,2026-03-01 05:50:00,93.3392,417,0,1,0.914974,0,0.003464,0,0.0,cleared,30
F00072,2026-03-01 05:55:00,22.8403,513,3,0,0.608404,0,0.051041,0,0.0,cleared,35
F00073,2026-03-01 06:00:00,53.0296,1937,0,0,0.737742,1,0.014476,0,0.0,cleared,23
F00074,2026-03-01 06:05:00,46.8654,1278,0,0,0.807978,0,0.011054,0,0.0,cleared,14
F00075,2026-03-01 06:10:00,306.3891,1789,1,0,0.927608,0,0.016879,0,0.0,cleared,23
F00076,2026-03-01 06:15:00,33.7366,1951,1,0,0.832024,0,0.007791,0,0.0,cleared,32
F00077,2026-03-01 06:20:00,87.7115,2273,2,1,0.814593,0,0.216561,0,0.0,cleared,23
F00078,2026-03-01 06:25:00,38.6479,603,1,0,0.843743,0,0.0425,0,0.0,cleared,18
F00079,2026-03-01 06:30:00,14.8553,150,2,0,0.88594,1,0.008102,1,10.6898,fraud_account,69
F00080,2026-03-01 06:35:00,48.3446,747,1,0,0.861957,0,0.038019,0,0.0,cleared,31
F00081,2026-03-01 06:40:00,78.6035,1573,1,0,0.695466,0,0.037983,0,0.0,cleared,23
F00082,2026-03-01 06:45:00,116.6795,1175,2,1,0.901306,0,0.347753,1,93.1891,fraud_account,59
F00083,2026-03-01 06:50:00,7.2005,2275,1,0,0.55151,0,0.006469,0,0.0,cleared,30
F00084,2026-03-01 06:55:00,91.0654,1178,1,0,0.687057,1,0.078555,0,0.0,cleared,22
F00085,2026-03-01 07:00:00,130.5915,195,0,0,0.703135,0,0.130587,0,0.0,cleared,19
F00086,2026-03-01 07:05:00,25.1152,1559,2,0,0.758644,0,0.012835,0,0.0,cleared,23
F00087,2026-03-01 07:10:00,35.0866,1810,3,0,0.408999,1,0.017483,0,0.0,cleared,18
F00088,2026-03-01 07:15:00,34.3689,1978,2,0,0.75558,0,0.01193,0,0.0,cleared,28
F00089,2026-03-01 07:20:00,141.0415,149,1,0,0.648198,0,0.01116,0,0.0,cleared,21
F00090,2026-03-01 07:25:00,83.227,1058,2,0,0.881462,1,0.020172,0,0.0,cleared,17
F00091,2026-03-01 07:30:00,162.646,711,0,0,0.352824,0,0.067327,0,0.0,cleared,23
F00092,2026-03-01 07:35:00,31.5545,1215,2,0,0.57811,0,0.135281,0,0.0,cleared,29
F00093,2026-03-01 07:40:00,48.9717,354,2,0,0.79277,0,0.103902,0,0.0,cleared,33
F00094,2026-03-01 07:45:00,70.8314,1619,2,1,0.636939,0,0.127023,1,64.0383,fraud_account,81
F00095,2026-03-01 07:50:00,24.4322,1360,1,0,0.943899,1,0.033901,0,0.0,cleared,25
F00096,2026-03-01 07:55:00,12.8828,126,5,1,0.745023,0,0.135708,0,0.0,cleared,24
F00097,2026-03-01 08:00:00,58.5604,1514,1,0,0.797814,1,0.018534,0,0.0,cleared,26
F00098,2026-03-01 08:05:00,116.4992,336,5,0,0.602436,1,0.016586,0,0.0,cleared,24
F00099,2026-03-01 08:10:00,43.4698,1258,0,0,0.749244,0,0.017293,0,0.0,cleared,21
F00100,2026-03-01 08:15:00,29.8982,650,1,0,0.768298,0,0.065879,0,0.0,cleared,16
F00101,2026-03-01 08:20:00,63.1482,1028,2,0,0.997884,0,0.005448,0,0.0,cleared,29
F00102,2026-03-01 08:25:00,65.7484,1889,3,0,0.766203,0,0.016622,0,0.0,cleared,29
F00103,2026-03-01 08:30:00,24.4991,1150,10,0,0.924444,0,0.118172,0,0.0,cleared,42
F00104,2026-03-01 08:35:00,590.1854,2177,2,1,0.868751,0,0.189527,0,0.0,cleared,23
F00105,2026-03-01 08:40:00,27.0797,207,3,0,0.392084,0,0.084049,0,0.0,cleared,27
F00106,2026-03-01 08:45:00,26.4368,180,2,0,0.568921,0,0.023572,0,0.0,cleared,25
F00107,2026-03-01 08:50:00,110.3724,870,2,0,0.522502,0,0.009315,0,0.0,cleared,25
F00108,2026-03-01 08:55:00,54.6401,980,1,0,0.896709,1,0.013612,0,0.0,cleared,32
F00109,2026-03-01 09:00:00,173.3365,1437,0,0,0.954572,0,0.106176,0,0.0,cleared,25
F00110,2026-03-01 09:05:00,8.1972,1144,1,0,0.875972,0,0.020461,0,0.0,cleared,31
F00111,2026-03-01 09:10:00,44.2539,1895,2,0,0.636929,0,0.024926,0,0.0,cleared,26
F00112,2026-03-01 09:15:00,17.3458,323,1,0,0.160351,0,0.027529,0,0.0,cleared,28
F00113,2026-03-01 09:20:00,65.5118,1268,0,0,0.457645,0,0.0182,0,0.0,cleared,22
F00114,2026-03-01 09:25:00,11.9801,2383,1,0,0.774114,0,0.044329,0,0.0,cleared,32
F00115,2026-03-01 09:30:00,72.8745,1451,3,0,0.73272,0,0.071888,0,0.0,cleared,25
F00116,2026-03-01 09:35:00,15.6478,955,2,0,0.912203,0,0.009308,0,0.0,cleared,33
F00117,2026-03-01 09:40:00,68.7217,750,1,1,0.910449,0,0.021662,0,0.0,cleared,27
F00118,2026-03-01 09:45:00,15.6096,421,2,1,0.647391,0,0.066667,0,0.0,cleared,20
F00119,2026-03-01 09:50:00,33.5546,2160,2,0,0.871595,0,0.181999,0,0.0,cleared,21
F00120,2026-03-01 09:55:00,64.1658,1235,0,1,0.936033,0,0.028871,0,0.0,cleared,25
F00121,2026-03-01 10:00:00,64.5978,422,1,0,0.466636,1,0.0181,0,0.0,cleared,25
F00122,2026-03-01 10:05:00,44.2984,2198,0,0,0.476389,0,0.023578,0,0.0,cleared,22
F00123,2026-03-01 10:10:00,19.4431,1233,0,0,0.718446,1,0.012754,0,0.0,cleared,17
F00124,2026-03-01 10:15:00,67.3532,2393,3,0,0.631867,0,0.017825,0,0.0,cleared,20
F00125,2026-03-01 10:20:00,3.7027,1028,2,0,0.86065,0,0.020776,0,0.0,cleared,15
F00126,2026-03-01 10:25:00,124.9733,139,1,0,0.668674,0,0.079819,0,0.0,cleared,25
F00127,2026-03-01 10:30:00,60.0676,2195,4,0,0.832483,1,0.015402,0,0.0,cleared,24
F00128,2026-03-01 10:35:00,65.8507,1327,0,0,0.81028,0,0.01068,0,0.0,cleared,21
F00129,2026-03-01 10:40:00,19.3981,437,3,0,0.75146,0,0.010888,0,0.0,cleared,29
F00130,2026-03-01 10:45:00,58.8176,790,1,0,0.652048,0,0.030279,0,0.0,cleared,20
F00131,2026-03-01 10:50:00,35.0011,925,0,1,0.811112,0,0.027993,0,0.0,cleared,27
F00132,2026-03-01 10:55:00,12.4902,281,2,0,0.949318,1,0.041433,0,0.0,cleared,27
F00133,2026-03-01 11:00:00,23.8928,1129,5,0,0.851255,0,0.106492,1,19.1092,fraud_account,86
F00134,2026-03-01 11:05:00,65.1536,1590,0,0,0.603199,0,0.060555,0,0.0,cleared,26
F00135,2026-03-01 11:10:00,21.2747,1587,1,0,0.974657,1,0.066568,0,0.0,cleared,28
F00136,2026-03-01 11:15:00,186.9658,972,2,0,0.345021,0,0.035045,0,0.0,cleared,24
F00137,2026-03-01 11:20:00,19.4114,1911,2,0,0.783138,1,0.00833,0,0.0,cleared,29
F00138,2026-03-01 11:25:00,16.5591,1475,2,0,0.687012,0,0.006232,0,0.0,cleared,33
F00139,2026-03-01 11:30:00,139.4882,2220,0,0,0.83064,0,0.033287,0,0.0,cleared,21
F00140,2026-03-01 11:35:00,111.0003,2425,2,0,0.720212,1,0.03216,0,0.0,cleared,21
F00141,2026-03-01 11:40:00,93.7124,1529,0,0,0.636647,0,0.029452,0,0.0,cleared,21
F00142,2026-03-01 11:45:00,51.7549,530,0,0,0.923631,0,0.023465,0,0.0,cleared,23
F00143,2026-03-01 11:50:00,51.3875,1696,0,0,0.78547,0,0.066094,0,0.0,cleared,24
F00144,2026-03-01 11:55:00,16.9389,1532,1,0,0.639487,0,0.07001,0,0.0,cleared,31
F00145,2026-03-01 12:00:00,10.1441,2262,0,0,0.92094,0,0.009132,0,0.0,cleared,23
F00146,2026-03-01 12:05:00,80.419,2210,3,0,0.703639,1,0.075163,0,0.0,cleared,27
F00147,2026-03-01 12:10:00,46.4326,1949,2,1,0.774569,0,0.142677,0,0.0,cleared,26
F00148,2026-03-01 12:15:00,57.5937,1510,2,0,0.870267,0,0.009018,0,0.0,cleared,14
F00149,2026-03-01 12:20:00,19.8596,778,1,1,0.938256,0,0.086728,0,0.0,cleared,35
F00150,2026-03-01 12:25:00,57.4931,1652,2,0,0.785894,0,0.01526,0,0.0,cleared,16
F00151,2026-03-01 12:30:00,204.8818,1978,1,0,0.780344,0,0.147416,0,0.0,cleared,28
F00152,2026-03-01 12:35:00,79.9343,49,2,0,0.638217,1,0.006987,0,0.0,cleared,24
F00153,2026-03-01 12:40:00,39.379,51,1,0,0.675188,0,0.018398,0,0.0,cleared,23
F00154,2026-03-01 12:45:00,7.4874,206,0,0,0.85096,0,0.021816,0,0.0,cleared,30
F00155,2026-03-01 12:50:00,16.2615,1178,2,0,0.584824,1,0.011224,0,0.0,cleared,23
F00156,2026-03-01 12:55:00,28.5972,587,1,0,0.960601,1,0.005395,0,0.0,cleared,18
F00157,2026-03-01 13:00:00,119.9995,291,4,0,0.637611,1,0.224025,0,0.0,cleared,27
F00158,2026-03-01 13:05:00,84.4429,2499,2,0,0.751981,1,0.007954,0,0.0,cleared,34
F00159,2026-03-01 13:10:00,39.3712,1380,2,0,0.860446,1,0.01722,0,0.0,cleared,21
F00160,2026-03-01 13:15:00,300.6489,797,5,0,0.97185,0,0.077689,0,0.0,cleared,23
F00161,2026-03-01 13:20:00,70.7325,1175,1,0,0.762493,0,0.011486,0,0.0,cleared,16
F00162,2026-03-01 13:25:00,33.7553,1078,1,0,0.780445,1,0.023064,0,0.0,cleared,18
F00163,2026-03-01 13:30:00,70.9479,2273,5,0,0.69391,1,0.020919,0,0.0,cleared,32
F00164,2026-03-01 13:35:00,15.4803,1483,2,0,0.814346,1,0.016799,0,0.0,cleared,26
F00165,2026-03-01 13:40:00,57.8111,463,2,0,0.85662,0,0.050151,0,0.0,cleared,23
F00166,2026-03-01 13:45:00,15.1336,69,1,0,0.880105,1,0.002463,0,0.0,cleared,25
F00167,2026-03-01 13:50:00,25.8778,257,3,0,0.800224,1,0.041295,0,0.0,cleared,13
F00168,2026-03-01 13:55:00,28.1618,306,1,0,0.916999,0,0.059492,0,0.0,cleared,19
F00169,2026-03-01 14:00:00,33.0456,91,0,0,0.469959,0,0.026152,0,0.0,cleared,30
F00170,2026-03-01 14:05:00,10.4583,1762,0,0,0.920728,1,0.00575,0,0.0,cleared,39
F00171,2026-03-01 14:10:00,296.3114,616,0,0,0.602581,0,0.074074,0,0.0,cleared,35
F00172,2026-03-01 14:15:00,10.5057,2396,1,0,0.729201,1,0.014699,0,0.0,cleared,27
F00173,2026-03-01 14:20:00,16.6348,1104,3,0,0.828172,0,0.005876,0,0.0,cleared,23
F00174,2026-03-01 14:25:00,238.6677,2127,0,0,0.884476,0,0.053435,0,0.0,cleared,21
F00175,2026-03-01 14:30:00,102.0819,1314,2,0,0.422549,0,0.022574,0,0.0,cleared,36
F00176,2026-03-01 14:35:00,19.7587,1844,4,0,0.913918,0,0.018936,0,0.0,cleared,28
F00177,2026-03-01 14:40:00,90.7844,146,0,1,0.809325,0,0.029498,0,0.0,cleared,23
F00178,2026-03-01 14:45:00,36.0693,1443,4,0,0.791744,1,0.020735,0,0.0,cleared,22
F00179,2026-03-01 14:50:00,18.9806,669,2,0,0.88075,0,0.007811,0,0.0,cleared,20
F00180,2026-03-01 14:55:00,57.7189,2117,2,0,0.552031,0,0.023291,1,56.2031,fraud_card,75
F00181,2026-03-01 15:00:00,74.8136,567,0,0,0.904369,1,0.00674,0,0.0,cleared,19
F00182,2026-03-01 15:05:00,8.0601,973,3,0,0.594207,0,0.025877,0,0.0,cleared,22
F00183,2026-03-01 15:10:00,20.4475,297,2,0,0.894745,1,0.014658,0,0.0,cleared,22
F00184,2026-03-01 15:15:00,95.0975,1054,1,0,0.869737,0,0.023946,0,0.0,cleared,24
F00185,2026-03-01 15:20:00,19.3764,2399,1,1,0.841296,0,0.019073,0,0.0,cleared,22
F00186,2026-03-01 15:25:00,70.1571,1582,2,1,0.809588,0,0.106035,0,0.0,cleared,26
F00187,2026-03-01 15:30:00,14.5517,710,3,0,0.635057,1,0.014848,0,0.0,cleared,18
F00188,2026-03-01 15:35:00,34.771,2433,2,0,0.636461,0,0.051014,0,0.0,cleared,29
F00189,2026-03-01 15:40:00,70.5991,264,0,0,0.454016,0,0.019224,0,0.0,cleared,18
F00190,2026-03-01 15:45:00,63.8459,4,1,1,0.745384,0,0.09927,0,0.0,cleared,27
F00191,2026-03-01 15:50:00,111.7586,1256,2,0,0.637164,0,0.09801,0,0.0,cleared,27
F00192,2026-03-01 15:55:00,4.3167,1471,0,0,0.597475,0,0.00904,0,0.0,cleared,25
F00193,2026-03-01 16:00:00,107.5122,881,2,0,0.919348,0,0.038706,0,0.0,cleared,18
F00194,2026-03-01 16:05:00,60.0934,787,2,0,0.391895,1,0.085111,0,0.0,cleared,29
F00195,2026-03-01 16:10:00,224.3555,2465,1,0,0.688893,1,0.052535,0,0.0,cleared,27
F00196,2026-03-01 16:15:00,30.2085,1928,4,0,0.684525,0,0.133177,1,26.0692,fraud_card,83
F00197,2026-03-01 16:20:00,31.8916,271,2,0,0.714512,0,0.013351,0,0.0,cleared,30
F00198,2026-03-01 16:25:00,85.4559,2118,2,1,0.618155,0,0.323055,0,0.0,cleared,27
F00199,2026-03-01 16:30:00,29.0368,1980,2,0,0.650216,1,0.00646,0,0.0,cleared,30
F00200,2026-03-01 16:35:00,58.5043,1117,1,0,0.493102,0,0.069592,0,0.0,cleared,30
F00201,2026-03-01 16:40:00,66.1385,1588,1,0,0.844278,1,0.029038,0,0.0,cleared,25
F00202,2026-03-01 16:45:00,19.573,1136,3,0,0.605579,0,0.015527,0,0.0,cleared,25
F00203,2026-03-01 16:50:00,11.3388,2307,0,0,0.907718,1,0.005635,0,0.0,cleared,19
F00204,2026-03-01 16:55:00,14.6044,1468,1,0,0.813196,0,0.016345,0,0.0,cleared,25
F00205,2026-03-01 17:00:00,17.5987,76,2,0,0.827073,0,0.058334,0,0.0,cleared,32
F00206,2026-03-01 17:05:00,18.0383,708,3,0,0.870511,0,0.03529,0,0.0,cleared,22
F00207,2026-03-01 17:10:00,17.662,1769,4,0,0.757097,1,0.03563,0,0.0,cleared,26
F00208,2026-03-01 17:15:00,47.2975,1893,1,0,0.939092,0,0.07244,0,0.0,cleared,32
F00209,2026-03-01 17:20:00,28.492,1710,0,0,0.523729,0,0.005424,0,0.0,cleared,26
F00210,2026-03-01 17:25:00,13.9296,1928,0,0,0.775483,0,0.005284,0,0.0,cleared,24
F00211,2026-03-01 17:30:00,68.0712,1277,2,0,0.887467,1,0.129453,0,0.0,cleared,21
F00212,2026-03-01 17:35:00,154.7149,342,2,0,0.894882,0,0.054834,0,0.0,cleared,25
F00213,2026-03-01 17:40:00,17.2868,2144,1,0,0.713923,1,0.009789,0,0.0,cleared,25
F00214,2026-03-01 17:45:00,79.404,824,2,1,0.891456,0,0.047717,0,0.0,cleared,31
F00215,2026-03-01 17:50:00,107.256,2112,2,0,0.626701,0,0.068216,0,0.0,cleared,32
F00216,2026-03-01 17:55:00,18.0396,2373,0,0,0.604819,0,0.013206,0,0.0,cleared,24
F00217,2026-03-01 18:00:00,25.2093,770,0,0,0.648087,0,0.043028,0,0.0,cleared,21
F00218,2026-03-01 18:05:00,71.0252,602,1,0,0.743396,0,0.023582,0,0.0,cleared,19
F00219,2026-03-01 18:10:00,70.3548,980,1,1,0.532693,0,0.095187,0,0.0,cleared,26
F00220,2026-03-01 18:15:00,37.6956,918,1,0,0.631933,0,0.030757,0,0.0,cleared,24
F00221,2026-03-01 18:20:00,20.6009,1093,0,0,0.832058,0,0.021656,0,0.0,cleared,14
F00222,2026-03-01 18:25:00,63.4854,1737,2,0,0.875844,1,0.012231,0,0.0,cleared,31
F00223,2026-03-01 18:30:00,225.4198,2405,1,1,0.739516,0,0.213267,0,0.0,cleared,39
F00224,2026-03-01 18:35:00,67.4896,1512,5,0,0.460671,0,0.215329,0,0.0,cleared,28
F00225,2026-03-01 18:40:00,19.1763,1342,2,0,0.445464,1,0.016662,0,0.0,cleared,27
F00226,2026-03-01 18:45:00,58.708,1687,2,0,0.948401,0,0.040554,0,0.0,cleared,25
F00227,2026-03-01 18:50:00,117.2745,934,2,0,0.785787,1,0.026883,0,0.0,cleared,26
F00228,2026-03-01 18:55:00,211.3462,154,0,0,0.680099,0,0.032544,0,0.0,cleared,25
F00229,2026-03-01 19:00:00,6.039,1410,4,0,0.756145,0,0.025201,0,0.0,cleared,23
F00230,2026-03-01 19:05:00,284.7753,726,1,0,0.807823,1,0.057514,0,0.0,cleared,20
F00231,2026-03-01 19:10:00,32.4761,651,1,0,0.734327,0,0.045765,0,0.0,cleared,25
F00232,2026-03-01 19:15:00,60.9274,1883,3,0,0.882251,0,0.023341,0,0.0,cleared,24
F00233,2026-03-01 19:20:00,80.1465,688,2,0,0.806072,0,0.018095,0,0.0,cleared,37
F00234,2026-03-01 19:25:00,22.0506,431,3,0,0.848596,0,0.029235,0,0.0,cleared,26
F00235,2026-03-01 19:30:00,40.7022,246,2,1,0.73234,1,0.108034,0,0.0,cleared,24
F00236,2026-03-01 19:35:00,58.5512,1503,0,0,0.710103,1,0.030112,0,0.0,cleared,14
F00237,2026-03-01 19:40:00,18.2195,382,3,0,0.414009,0,0.033244,0,0.0,cleared,19
F00238,2026-03-01 19:45:00,92.4025,1698,2,1,0.903501,0,0.07524,0,0.0,cleared,25
F00239,2026-03-01 19:50:00,616.4697,851,2,0,0.608362,0,0.18194,0,0.0,cleared,27
F00240,2026-03-01 19:55:00,36.9395,1304,3,0,0.460888,1,0.012875,0,0.0,cleared,21
F00241,2026-03-01 20:00:00,44.4822,1788,1,0,0.718238,0,0.016743,0,0.0,cleared,22
F00242,2026-03-01 20:05:00,3.5676,2145,3,1,0.87906,0,0.107768,0,0.0,cleared,22
F00243,2026-03-01 20:10:00,58.0521,66,1,0,0.842883,1,0.051275,0,0.0,cleared,21
F00244,2026-03-01 20:15:00,28.172,2419,1,0,0.408324,1,0.025406,0,0.0,cleared,29
F00245,2026-03-01 20:20:00,75.5934,1565,4,0,0.381547,0,0.020605,0,0.0,cleared,28
F00246,2026-03-01 20:25:00,151.4123,1126,2,1,0.807335,1,0.092466,0,0.0,cleared,28
F00247,2026-03-01 20:30:00,14.9656,903,0,0,0.535683,0,0.016318,0,0.0,cleared,22
F00248,2026-03-01 20:35:00,56.0833,1996,2,0,0.933512,1,0.113681,0,0.0,cleared,20
F00249,2026-03-01 20:40:00,12.2447,957,1,0,0.795753,1,0.006377,0,0.0,cleared,22
F00250,2026-03-01 20:45:00,9.3383,306,1,0,0.846175,0,0.057993,0,0.0,cleared,29
F00251,2026-03-01 20:50:00,28.7742,93,1,0,0.86224,0,0.023814,0,0.0,cleared,26
F00252,2026-03-01 20:55:00,54.9314,248,3,1,0.766957,0,0.274518,0,0.0,cleared,24
F00253,2026-03-01 21:00:00,32.0487,661,1,0,0.671365,1,0.036795,0,0.0,cleared,15
F00254,2026-03-01 21:05:00,25.7436,2294,2,1,0.873442,1,0.017026,0,0.0,cleared,28
F00255,2026-03-01 21:10:00,15.1432,1755,1,1,0.591636,1,0.023883,0,0.0,cleared,23
F00256,2026-03-01 21:15:00,212.2109,948,0,1,0.938709,1,0.101027,1,190.3317,fraud_card,61
F00257,2026-03-01 21:20:00,21.6217,735,3,0,0.716928,0,0.014718,0,0.0,cleared,23
F00258,2026-03-01 21:25:00,265.8808,2281,2,1,0.559533,0,0.126711,1,239.6504,fraud_account,80
F00259,2026-03-01 21:30:00,14.1367,1906,2,0,0.474227,0,0.042094,0,0.0,cleared,25
F00260,2026-03-01 21:35:00,10.1483,1231,2,0,0.859158,0,0.025543,0,0.0,cleared,23
F00261,2026-03-01 21:40:00,22.9039,2434,3,0,0.909842,0,0.043729,0,0.0,cleared,28
F00262,2026-03-01 21:45:00,11.7838,559,4,1,0.943254,1,0.029821,0,0.0,cleared,35
F00263,2026-03-01 21:50:00,12.1821,129,0,0,0.852815,0,0.039249,0,0.0,cleared,24
F00264,2026-03-01 21:55:00,22.3827,2464,3,1,0.639315,0,0.048387,0,0.0,cleared,22
F00265,2026-03-01 22:00:00,22.8775,835,3,1,0.627751,0,0.071984,0,0.0,cleared,23
F00266,2026-03-01 22:05:00,91.6831,1590,3,0,0.777731,0,0.285207,0,0.0,cleared,24
F00267,2026-03-01 22:10:00,86.5178,2275,1,0,0.895948,1,0.010243,0,0.0,cleared,29
F00268,2026-03-01 22:15:00,35.8105,1147,1,0,0.912987,0,0.030905,1,32.9238,fraud_card,50
F00269,2026-03-01 22:20:00,6.4148,657,2,0,0.570916,0,0.045911,0,0.0,cleared,14
F00270,2026-03-01 22:25:00,49.5953,935,4,0,0.73236,1,0.080241,0,0.0,cleared,19
F00271,2026-03-01 22:30:00,10.5194,538,3,0,0.777202,0,0.021179,0,0.0,cleared,35
F00272,2026-03-01 22:35:00,9.7072,1296,4,0,0.662479,1,0.023556,0,0.0,cleared,26
F00273,2026-03-01 22:40:00,35.5051,2478,2,1,0.598738,0,0.089928,0,0.0,cleared,20
F00274,2026-03-01 22:45:00,63.1567,878,2,0,0.712487,0,0.022372,0,0.0,cleared,27
F00275,2026-03-01 22:50:00,268.7748,1140,2,0,0.692515,0,0.016589,0,0.0,cleared,21
F00276,2026-03-01 22:55:00,8.8998,2040,3,0,0.543826,0,0.098781,0,0.0,cleared,35
F00277,2026-03-01 23:00:00,35.565,895,1,0,0.722096,0,0.053664,0,0.0,cleared,28
F00278,2026-03-01 23:05:00,97.6769,1321,3,0,0.670591,1,0.009166,0,0.0,cleared,25
F00279,2026-03-01 23:10:00,27.9725,314,2,0,0.663226,0,0.206816,0,0.0,cleared,25
F00280,2026-03-01 23:15:00,31.8151,273,1,0,0.410772,0,0.028775,0,0.0,cleared,23
F00281,2026-03-01 23:20:00,5.2501,1109,0,0,0.376809,0,0.044269,0,0.0,cleared,24
F00282,2026-03-01 23:25:00,7.1601,2005,2,0,0.733297,0,0.040149,0,0.0,cleared,27
F00283,2026-03-01 23:30:00,19.9603,775,2,0,0.896695,0,0.184641,0,0.0,cleared,21
F00284,2026-03-01 23:35:00,73.6894,1461,2,0,0.871595,0,0.012811,0,0.0,cleared,29
F00285,2026-03-01 23:40:00,24.4372,1567,4,0,0.616309,1,0.033832,0,0.0,cleared,28
F00286,2026-03-01 23:45:00,14.4979,129,1,0,0.835487,0,0.012547,0,0.0,cleared,27
F00287,2026-03-01 23:50:00,178.5975,729,1,0,0.528366,0,0.044357,0,0.0,cleared,29
F00288,2026-03-01 23:55:00,25.5827,1778,1,0,0.94778,0,0.047788,1,25.5286,fraud_card,60
F00289,2026-03-02 00:00:00,169.5522,822,2,0,0.929421,0,0.142635,0,0.0,cleared,19
F00290,2026-03-02 00:05:00,94.0473,1238,1,0,0.905461,0,0.148597,0,0.0,cleared,27
F00291,2026-03-02 00:10:00,34.495,672,0,0,0.799812,1,0.008981,0,0.0,cleared,28
F00292,2026-03-02 00:15:00,112.8069,578,0,0,0.346517,1,0.006484,0,0.0,cleared,28
F00293,2026-03-02 00:20:00,45.5354,1349,1,0,0.67924,0,0.020034,0,0.0,cleared,30
F00294,2026-03-02 00:25:00,15.5532,1188,3,0,0.484102,1,0.021866,0,0.0,cleared,26
F00295,2026-03-02 00:30:00,60.1926,993,0,0,0.664902,0,0.011306,0,0.0,cleared,32
F00296,2026-03-02 00:35:00,35.9279,602,1,1,0.697071,0,0.051131,0,0.0,cleared,23
F00297,2026-03-02 00:40:00,20.5317,1576,1,0,0.719086,1,0.008806,0,0.0,cleared,30
F00298,2026-03-02 00:45:00,32.5509,1894,1,0,0.777296,0,0.078371,0,0.0,cleared,20
F00299,2026-03-02 00:50:00,67.294,2064,3,0,0.649154,0,0.1219,0,0.0,cleared,30
F00300,2026-03-02 00:55:00,47.0756,1656,3,0,0.544215,1,0.070033,0,0.0,cleared,24
F00301,2026-03-02 01:00:00,10.7659,741,2,0,0.920414,0,0.009232,0,0.0,cleared,21
F00302,2026-03-02 01:05:00,100.1012,2206,3,0,0.711072,0,0.126161,0,0.0,cleared,31
F00303,2026-03-02 01:10:00,21.0862,511,0,0,0.978715,0,0.008119,0,0.0,cleared,22
F00304,2026-03-02 01:15:00,165.7929,1031,1,0,0.578558,0,0.033638,0,0.0,cleared,28
F00305,2026-03-02 01:20:00,12.8363,1775,3,0,0.733063,0,0.035792,0,0.0,cleared,21
F00306,2026-03-02 01:25:00,16.7509,2220,2,0,0.573959,0,0.057465,0,0.0,cleared,28
F00307,2026-03-02 01:30:00,21.5938,1983,2,0,0.728401,0,0.064546,0,0.0,cleared,28
F00308,2026-03-02 01:35:00,132.915,778,0,0,0.440706,0,0.034938,0,0.0,cleared,18
F00309,2026-03-02 01:40:00,19.0751,2099,4,0,0.701481,0,0.028143,0,0.0,cleared,24
F00310,2026-03-02 01:45:00,31.2008,75,0,0,0.832082,1,0.01868,0,0.0,cleared,17
F00311,2026-03-02 01:50:00,128.6571,862,2,0,0.727312,1,0.043301,0,0.0,cleared,20
F00312,2026-03-02 01:55:00,98.5839,653,1,0,0.847479,1,0.039166,0,0.0,cleared,26
F00313,2026-03-02 02:00:00,39.5386,1052,2,1,0.823495,0,0.050006,0,0.0,cleared,24
F00314,2026-03-02 02:05:00,9.2495,1209,1,0,0.856343,0,0.004466,0,0.0,cleared,22
F00315,2026-03-02 02:10:00,45.9116,2041,3,0,0.861588,0,0.096821,0,0.0,cleared,25
F00316,2026-03-02 02:15:00,175.2961,1788,2,0,0.770999,0,0.322654,0,0.0,cleared,28
F00317,2026-03-02 02:20:00,57.2324,255,1,0,0.864257,0,0.024753,0,0.0,cleared,20
F00318,2026-03-02 02:25:00,18.5811,1402,1,1,0.784652,0,0.034691,0,0.0,cleared,28
F00319,2026-03-02 02:30:00,2.8189,1213,2,1,0.810286,0,0.057176,0,0.0,cleared,24
F00320,2026-03-02 02:35:00,87.613,1721,2,0,0.74475,0,0.030691,0,0.0,cleared,20
F00321,2026-03-02 02:40:00,202.94,1284,2,1,0.779216,0,0.053979,0,0.0,cleared,15
F00322,2026-03-02 02:45:00,113.948,411,2,0,0.587156,0,0.052547,0,0.0,cleared,22
F00323,2026-03-02 02:50:00,149.0543,345,1,0,0.806092,1,0.006799,0,0.0,cleared,21
F00324,2026-03-02 02:55:00,37.5829,328,3,1,0.723186,0,0.086722,0,0.0,cleared,25
F00325,2026-03-02 03:00:00,77.3303,1797,0,0,0.804508,0,0.00218,0,0.0,cleared,17
F00326,2026-03-02 03:05:00,49.2449,1395,2,0,0.73239,0,0.048698,0,0.0,cleared,18
F00327,2026-03-02 03:10:00,28.3737,2281,1,0,0.614506,0,0.010918,0,0.0,cleared,28
F00328,2026-03-02 03:15:00,114.7849,359,3,0,0.940948,1,0.007305,0,0.0,cleared,18
F00329,2026-03-02 03:20:00,23.2492,2310,4,1,0.832239,0,0.023909,0,0.0,cleared,22
F00330,2026-03-02 03:25:00,24.5251,1995,0,0,0.607026,0,0.014836,0,0.0,cleared,17
F00331,2026-03-02 03:30:00,20.4358,1008,4,0,0.521269,0,0.083573,0,0.0,cleared,34
F00332,2026-03-02 03:35:00,152.4674,1964,0,0,0.662888,1,0.029375,0,0.0,cleared,27
F00333,2026-03-02 03:40:00,55.8761,1973,3,1,0.93721,0,0.199024,0,0.0,cleared,25
F00334,2026-03-02 03:45:00,52.9695,1158,2,1,0.761892,0,0.069475,0,0.0,cleared,23
F00335,2026-03-02 03:50:00,117.7441,1639,1,0,0.767902,0,0.03089,0,0.0,cleared,22
F00336,2026-03-02 03:55:00,137.0151,2287,3,1,0.535259,0,0.344771,1,115.4638,fraud_account,73
F00337,2026-03-02 04:00:00,17.4619,876,2,0,0.726897,1,0.02767,0,0.0,cleared,27
F00338,2026-03-02 04:05:00,68.8002,662,2,0,0.248607,0,0.024608,0,0.0,cleared,31
F00339,2026-03-02 04:10:00,97.9666,2204,3,0,0.50554,0,0.141507,0,0.0,cleared,25
F00340,2026-03-02 04:15:00,26.1326,990,2,0,0.389383,0,0.021942,0,0.0,cleared,23
F00341,2026-03-02 04:20:00,21.3814,617,0,0,0.829579,1,0.003678,0,0.0,cleared,30
F00342,2026-03-02 04:25:00,197.5179,1668,4,0,0.689154,1,0.050136,0,0.0,cleared,24
F00343,2026-03-02 04:30:00,57.0184,2385,3,0,0.521035,0,0.017793,0,0.0,cleared,34
F00344,2026-03-02 04:35:00,27.6701,1108,1,0,0.88476,0,0.046153,0,0.0,cleared,30
F00345,2026-03-02 04:40:00,82.1061,691,3,0,0.780407,0,0.077949,0,0.0,cleared,18
F00346,2026-03-02 04:45:00,55.1061,517,1,0,0.951951,0,0.054531,0,0.0,cleared,23
F00347,2026-03-02 04:50:00,61.6047,347,2,1,0.580037,0,0.175056,0,0.0,cleared,25
F00348,2026-03-02 04:55:00,88.7935,613,1,0,0.574015,1,0.043721,0,0.0,cleared,21
F00349,2026-03-02 05:00:00,173.4528,2108,1,0,0.964945,0,0.014771,0,0.0,cleared,30
F00350,2026-03-02 05:05:00,36.0052,1042,0,0,0.90448,1,0.005784,0,0.0,cleared,33
F00351,2026-03-02 05:10:00,12.9354,992,4,0,0.738083,0,0.025563,0,0.0,cleared,24
F00352,2026-03-02 05:15:00,27.2404,1484,2,0,0.801864,0,0.064318,0,0.0,cleared,28
F00353,2026-03-02 05:20:00,116.1273,795,1,0,0.576452,0,0.041801,0,0.0,cleared,19
F00354,2026-03-02 05:25:00,48.9236,1614,1,0,0.961739,0,0.026154,0,0.0,cleared,17
F00355,2026-03-02 05:30:00,298.5102,1524,2,0,0.768848,0,0.03775,0,0.0,cleared,26
F00356,2026-03-02 05:35:00,20.8748,1792,0,0,0.893517,0,0.007194,0,0.0,cleared,20
F00357,2026-03-02 05:40:00,146.205,988,4,0,0.724352,0,0.177313,0,0.0,cleared,30
F00358,2026-03-02 05:45:00,43.218,1421,0,0,0.938778,0,0.00819,0,0.0,cleared,23
F00359,2026-03-02 05:50:00,31.4418,1706,2,0,0.358164,0,0.00587,0,0.0,cleared,33
F00360,2026-03-02 05:55:00,75.7824,1424,0,0,0.854419,0,0.003358,0,0.0,cleared,28
F00361,2026-03-02 06:00:00,117.2045,1694,1,0,0.685385,0,0.059186,0,0.0,cleared,21
F00362,2026-03-02 06:05:00,25.5468,574,0,1,0.900434,1,0.01299,0,0.0,cleared,23
F00363,2026-03-02 06:10:00,79.5441,1941,3,0,0.290887,1,0.044736,0,0.0,cleared,24
F00364,2026-03-02 06:15:00,13.6482,135,3,0,0.320555,0,0.024875,0,0.0,cleared,23
F00365,2026-03-02 06:20:00,34.7982,2466,1,0,0.772803,0,0.032646,0,0.0,cleared,20
F00366,2026-03-02 06:25:00,70.9816,1008,1,0,0.689508,0,0.010887,0,0.0,cleared,24
F00367,2026-03-02 06:30:00,4.021,2391,3,0,0.757774,0,0.086634,0,0.0,cleared,29
F00368,2026-03-02 06:35:00,24.3498,1022,0,0,0.909508,0,0.002813,0,0.0,cleared,24
F00369,2026-03-02 06:40:00,169.9005,783,1,1,0.490465,0,0.078327,1,162.324,fraud_account,72
F00370,2026-03-02 06:45:00,18.2221,2304,0,0,0.856777,1,0.003874,0,0.0,cleared,24
F00371,2026-03-02 06:50:00,65.1204,1978,1,0,0.77083,0,0.037891,0,0.0,cleared,30
F00372,2026-03-02 06:55:00,53.9775,744,1,0,0.784227,0,0.016897,0,0.0,cleared,24
F00373,2026-03-02 07:00:00,115.7247,556,1,0,0.577066,0,0.039595,0,0.0,cleared,22
F00374,2026-03-02 07:05:00,64.2955,1392,1,0,0.211545,0,0.051602,1,54.9783,fraud_card,77
F00375,2026-03-02 07:10:00,97.649,1880,2,0,0.638232,1,0.057794,0,0.0,cleared,38
F00376,2026-03-02 07:15:00,32.6185,316,1,1,0.828784,1,0.025775,0,0.0,cleared,24
F00377,2026-03-02 07:20:00,29.0208,1171,2,0,0.583575,0,0.004919,0,0.0,cleared,26
F00378,2026-03-02 07:25:00,33.2482,1880,0,0,0.908754,0,0.047433,0,0.0,cleared,22
F00379,2026-03-02 07:30:00,72.5217,1476,4,0,0.833227,0,0.043256,0,0.0,cleared,16
F00380,2026-03-02 07:35:00,15.7381,815,3,0,0.892034,1,0.012322,0,0.0,cleared,28
F00381,2026-03-02 07:40:00,53.1127,2331,1,0,0.760608,0,0.027031,0,0.0,cleared,30
F00382,2026-03-02 07:45:00,39.8634,1429,1,0,0.94245,0,0.017862,0,0.0,cleared,41
F00383,2026-03-02 07:50:00,55.5663,1514,1,0,0.922023,0,0.004339,0,0.0,cleared,32
F00384,2026-03-02 07:55:00,20.3131,43,2,1,0.433615,1,0.031025,0,0.0,cleared,21
F00385,2026-03-02 08:00:00,4.798,551,2,0,0.288209,0,0.009045,0,0.0,cleared,23
F00386,2026-03-02 08:05:00,158.3904,1101,0,0,0.640291,0,0.044935,1,124.0625,fraud_card,54
F00387,2026-03-02 08:10:00,60.33,1357,0,0,0.573035,0,0.010865,0,0.0,cleared,18
F00388,2026-03-02 08:15:00,107.9268,749,1,0,0.72892,0,0.016077,0,0.0,cleared,26
F00389,2026-03-02 08:20:00,8.1867,398,1,0,0.586579,0,0.017913,0,0.0,cleared,28
F00390,2026-03-02 08:25:00,43.5777,1263,0,0,0.648992,1,0.022926,0,0.0,cleared,26
F00391,2026-03-02 08:30:00,26.506,1597,1,0,0.987533,1,0.022577,0,0.0,cleared,22
F00392,2026-03-02 08:35:00,33.7865,1199,1,0,0.958586,0,0.003584,0,0.0,cleared,20
F00393,2026-03-02 08:40:00,36.7126,1765,2,0,0.753687,1,0.006361,0,0.0,cleared,22
F00394,2026-03-02 08:45:00,114.5937,2290,3,0,0.636843,1,0.069745,0,0.0,cleared,27
F00395,2026-03-02 08:50:00,5.6723,2009,2,0,0.95106,0,0.002871,0,0.0,cleared,24
F00396,2026-03-02 08:55:00,40.17,360,1,0,0.873589,0,0.005103,0,0.0,cleared,26
F00397,2026-03-02 09:00:00,115.4551,1026,1,0,0.795607,0,0.181089,0,0.0,cleared,18
F00398,2026-03-02 09:05:00,103.0333,191,1,0,0.85779,0,0.007871,0,0.0,cleared,26
F00399,2026-03-02 09:10:00,5.2342,222,2,0,0.927961,0,0.006754,0,0.0,cleared,28
F00400,2026-03-02 09:15:00,16.5723,1178,4,0,0.640816,0,0.030939,0,0.0,cleared,24
F00401,2026-03-02 09:20:00,14.7303,1538,3,0,0.683359,1,0.019977,0,0.0,cleared,19
F00402,2026-03-02 09:25:00,27.4861,36,1,0,0.97054,1,0.008648,0,0.0,cleared,26
F00403,2026-03-02 09:30:00,11.0755,2492,2,0,0.825497,0,0.013817,0,0.0,cleared,30
F00404,2026-03-02 09:35:00,53.4275,2264,0,1,0.532006,0,0.048945,0,0.0,cleared,24
F00405,2026-03-02 09:40:00,70.4463,915,2,0,0.483926,1,0.032458,0,0.0,cleared,20
F00406,2026-03-02 09:45:00,38.3387,1859,0,0,0.778237,0,0.012398,0,0.0,cleared,21
F00407,2026-03-02 09:50:00,10.9297,1685,1,0,0.851096,0,0.005928,0,0.0,cleared,31
F00408,2026-03-02 09:55:00,150.1192,2219,2,1,0.813991,0,0.073603,1,122.354,fraud_account,61
F00409,2026-03-02 10:00:00,26.5702,214,0,0,0.312957,0,0.015203,0,0.0,cleared,19
F00410,2026-03-02 10:05:00,45.6367,1916,4,0,0.781911,0,0.034058,1,35.698,fraud_account,61
F00411,2026-03-02 10:10:00,92.6352,67,1,0,0.836553,0,0.040322,0,0.0,cleared,26
F00412,2026-03-02 10:15:00,60.3654,346,2,0,0.884281,1,0.01648,0,0.0,cleared,24
F00413,2026-03-02 10:20:00,72.4757,1795,2,0,0.937754,1,0.002342,0,0.0,cleared,16
F00414,2026-03-02 10:25:00,351.0618,368,1,0,0.718604,1,0.010018,0,0.0,cleared,33
F00415,2026-03-02 10:30:00,21.8141,165,6,0,0.902427,1,0.04718,0,0.0,cleared,29
F00416,2026-03-02 10:35:00,34.4294,252,2,0,0.79094,0,0.028626,0,0.0,cleared,20
F00417,2026-03-02 10:40:00,31.4995,2474,1,0,0.915443,0,0.06283,0,0.0,cleared,21
F00418,2026-03-02 10:45:00,50.6998,416,3,0,0.795849,0,0.01267,0,0.0,cleared,25
F00419,2026-03-02 10:50:00,22.9997,1353,0,0,0.649041,0,0.041481,0,0.0,cleared,15
F00420,2026-03-02 10:55:00,107.7117,2263,2,1,0.571149,0,0.236613,0,0.0,cleared,31
F00421,2026-03-02 11:00:00,174.6667,1280,2,0,0.421156,0,0.02665,0,0.0,cleared,27
F00422,2026-03-02 11:05:00,43.0272,1318,1,1,0.844056,0,0.035556,0,0.0,cleared,21
F00423,2026-03-02 11:10:00,39.4274,1000,3,0,0.952305,0,0.09907,0,0.0,cleared,14
F00424,2026-03-02 11:15:00,94.5339,1320,1,1,0.814432,1,0.170228,0,0.0,cleared,22
F00425,2026-03-02 11:20:00,68.1461,1064,0,0,0.406816,0,0.130463,0,0.0,cleared,35
F00426,2026-03-02 11:25:00,37.0852,2417,1,0,0.528204,0,0.135502,0,0.0,cleared,25
F00427,2026-03-02 11:30:00,29.7976,84,1,0,0.941835,1,0.002172,0,0.0,cleared,27
F00428,2026-03-02 11:35:00,191.8759,1071,1,0,0.620338,0,0.067843,0,0.0,cleared,20
F00429,2026-03-02 11:40:00,34.0228,98,0,0,0.848253,0,0.048564,0,0.0,cleared,29
F00430,2026-03-02 11:45:00,25.3816,2286,2,0,0.883091,0,0.083548,0,0.0,cleared,27
F00431,2026-03-02 11:50:00,31.877,1942,1,1,0.869271,0,0.108617,0,0.0,cleared,34
F00432,2026-03-02 11:55:00,90.446,1613,2,0,0.925127,0,0.108705,0,0.0,cleared,22
F00433,2026-03-02 12:00:00,21.5317,553,0,0,0.630218,0,0.033184,0,0.0,cleared,28
F00434,2026-03-02 12:05:00,93.7358,143,0,0,0.952193,1,0.008689,0,0.0,cleared,21
F00435,2026-03-02 12:10:00,30.1063,2357,1,0,0.61311,0,0.071029,0,0.0,cleared,21
F00436,2026-03-02 12:15:00,12.441,384,3,0,0.975122,0,0.01576,0,0.0,cleared,23
F00437,2026-03-02 12:20:00,41.366,1240,2,0,0.765583,0,0.013829,0,0.0,cleared,26
F00438,2026-03-02 12:25:00,132.3028,221,5,0,0.818931,0,0.190256,0,0.0,cleared,34
F00439,2026-03-02 12:30:00,39.1655,642,2,0,0.727392,1,0.01041,0,0.0,cleared,22
F00440,2026-03-02 12:35:00,113.7791,1441,4,0,0.447447,0,0.167507,0,0.0,cleared,26
F00441,2026-03-02 12:40:00,19.5894,2189,2,0,0.754341,1,0.018217,0,0.0,cleared,16
F00442,2026-03-02 12:45:00,171.1076,845,3,0,0.609895,1,0.108915,0,0.0,cleared,20
F00443,2026-03-02 12:50:00,87.4046,913,1,0,0.893962,1,0.004093,0,0.0,cleared,30
F00444,2026-03-02 12:55:00,35.459,2230,2,0,0.423369,1,0.009998,0,0.0,cleared,29
F00445,2026-03-02 13:00:00,227.2744,943,0,0,0.415015,0,0.012348,0,0.0,cleared,20
F00446,2026-03-02 13:05:00,170.3409,2209,1,0,0.64808,0,0.069996,0,0.0,cleared,26
F00447,2026-03-02 13:10:00,7.0762,1537,3,0,0.674641,1,0.010687,0,0.0,cleared,28
F00448,2026-03-02 13:15:00,29.3092,2175,1,0,0.703544,1,0.023007,0,0.0,cleared,20
F00449,2026-03-02 13:20:00,89.1101,275,3,1,0.568511,0,0.196416,0,0.0,cleared,28
F00450,2026-03-02 13:25:00,40.0678,1943,0,0,0.732158,1,0.032037,0,0.0,cleared,23
F00451,2026-03-02 13:30:00,214.4072,769,1,0,0.927382,1,0.018572,0,0.0,cleared,27
F00452,2026-03-02 13:35:00,12.5057,757,1,0,0.710127,0,0.031107,0,0.0,cleared,29
F00453,2026-03-02 13:40:00,67.694,450,0,0,0.939566,0,0.007875,0,0.0,cleared,25
F00454,2026-03-02 13:45:00,7.9546,152,2,0,0.74802,1,0.034324,0,0.0,cleared,36
F00455,2026-03-02 13:50:00,80.8855,1939,3,0,0.937732,0,0.068756,0,0.0,cleared,16
F00456,2026-03-02 13:55:00,97.4309,189,2,1,0.78013,0,0.426778,0,0.0,cleared,28
F00457,2026-03-02 14:00:00,48.3506,2257,1,0,0.6142,1,0.00802,0,0.0,cleared,20
F00458,2026-03-02 14:05:00,43.5611,1997,0,0,0.640072,1,0.018682,0,0.0,cleared,26
F00459,2026-03-02 14:10:00,35.8044,2039,1,0,0.474205,1,0.026529,0,0.0,cleared,32
F00460,2026-03-02 14:15:00,40.1093,1358,5,0,0.40859,1,0.180997,0,0.0,cleared,27
F00461,2026-03-02 14:20:00,23.5892,2320,3,0,0.723508,0,0.015135,0,0.0,cleared,32
F00462,2026-03-02 14:25:00,48.2934,167,1,0,0.749863,0,0.12335,0,0.0,cleared,17
F00463,2026-03-02 14:30:00,54.375,2074,1,0,0.516764,0,0.030371,0,0.0,cleared,23
F00464,2026-03-02 14:35:00,23.6663,97,3,0,0.696832,0,0.041637,0,0.0,cleared,19
F00465,2026-03-02 14:40:00,39.586,1463,1,0,0.659105,1,0.032041,0,0.0,cleared,24
F00466,2026-03-02 14:45:00,352.8272,1909,1,0,0.898082,0,0.066259,0,0.0,cleared,21
F00467,2026-03-02 14:50:00,10.1032,990,1,0,0.420647,1,0.002257,0,0.0,cleared,25
F00468,2026-03-02 14:55:00,50.7122,1960,1,0,0.623724,1,0.008134,0,0.0,cleared,26
F00469,2026-03-02 15:00:00,184.8917,2438,3,1,0.698533,0,0.206136,1,178.2653,fraud_card,66
F00470,2026-03-02 15:05:00,82.8553,1513,2,1,0.959115,0,0.096154,0,0.0,cleared,24
F00471,2026-03-02 15:10:00,376.864,1072,3,0,0.874363,1,0.097822,0,0.0,cleared,20
F00472,2026-03-02 15:15:00,22.5014,506,3,1,0.865162,0,0.053454,0,0.0,cleared,29
F00473,2026-03-02 15:20:00,78.2614,2417,2,0,0.476345,0,0.011664,0,0.0,cleared,17
F00474,2026-03-02 15:25:00,12.6134,987,1,1,0.76562,0,0.10999,0,0.0,cleared,22
F00475,2026-03-02 15:30:00,75.833,76,4,0,0.730921,0,0.048045,0,0.0,cleared,24
F00476,2026-03-02 15:35:00,11.1394,828,0,0,0.918796,0,0.018183,0,0.0,cleared,21
F00477,2026-03-02 15:40:00,114.9817,201,1,0,0.845729,1,0.028911,0,0.0,cleared,19
F00478,2026-03-02 15:45:00,51.2576,1324,4,0,0.980737,0,0.05413,0,0.0,cleared,32
F00479,2026-03-02 15:50:00,93.481,344,0,1,0.814232,0,0.099225,0,0.0,cleared,33
F00480,2026-03-02 15:55:00,46.4078,212,4,1,0.748207,0,0.039594,0,0.0,cleared,23
F00481,2026-03-02 16:00:00,42.0024,2199,0,0,0.824925,0,0.068362,0,0.0,cleared,26
F00482,2026-03-02 16:05:00,122.991,729,3,0,0.926546,0,0.053888,0,0.0,cleared,23
F00483,2026-03-02 16:10:00,39.517,1873,2,1,0.570286,0,0.038209,0,0.0,cleared,28
F00484,2026-03-02 16:15:00,61.0015,980,2,0,0.770899,1,0.007925,0,0.0,cleared,31
F00485,2026-03-02 16:20:00,88.1536,285,1,0,0.919311,1,0.01825,0,0.0,cleared,19
F00486,2026-03-02 16:25:00,35.7256,1201,0,0,0.471627,0,0.103375,0,0.0,cleared,29
F00487,2026-03-02 16:30:00,11.3884,36,2,0,0.570332,0,0.018441,0,0.0,cleared,21
F00488,2026-03-02 16:35:00,39.0169,2203,4,0,0.646232,0,0.038953,0,0.0,cleared,25
F00489,2026-03-02 16:40:00,61.8491,832,1,0,0.89797,0,0.032467,0,0.0,cleared,30
F00490,2026-03-02 16:45:00,15.2863,1665,1,0,0.625334,0,0.006914,0,0.0,cleared,22
F00491,2026-03-02 16:50:00,16.6421,511,2,0,0.819415,1,0.004606,0,0.0,cleared,26
F00492,2026-03-02 16:55:00,50.6705,2397,0,0,0.847844,1,0.015184,0,0.0,cleared,23
F00493,2026-03-02 17:00:00,33.3246,786,0,1,0.852343,0,0.012779,0,0.0,cleared,21
F00494,2026-03-02 17:05:00,45.0557,463,1,1,0.853394,1,0.11201,0,0.0,cleared,21
F00495,2026-03-02 17:10:00,10.9329,2355,0,0,0.847596,0,0.038104,0,0.0,cleared,19
F00496,2026-03-02 17:15:00,34.4622,1019,2,0,0.879085,0,0.00265,0,0.0,cleared,20
F00497,2026-03-02 17:20:00,46.7393,561,2,0,0.975738,0,0.003353,0,0.0,cleared,27
F00498,2026-03-02 17:25:00,19.6719,2276,0,0,0.609178,0,0.027299,0,0.0,cleared,24
F00499,2026-03-02 17:30:00,33.5981,1864,4,1,0.727191,1,0.1753,1,23.7652,fraud_account,76
F00500,2026-03-02 17:35:00,61.6346,1923,2,0,0.882896,0,0.005821,0,0.0,cleared,21
F00501,2026-03-02 17:40:00,167.4866,578,0,0,0.711301,0,0.048729,0,0.0,cleared,17
F00502,2026-03-02 17:45:00,349.904,2347,3,0,0.718601,0,0.125861,0,0.0,cleared,27
F00503,2026-03-02 17:50:00,18.1652,459,2,0,0.584274,0,0.00452,0,0.0,cleared,28
F00504,2026-03-02 17:55:00,65.711,2098,4,0,0.666771,0,0.07995,0,0.0,cleared,34
F00505,2026-03-02 18:00:00,17.87,1802,2,0,0.90666,1,0.007602,0,0.0,cleared,23
F00506,2026-03-02 18:05:00,46.4772,849,3,0,0.862868,0,0.023109,0,0.0,cleared,21
F00507,2026-03-02 18:10:00,65.8415,1062,2,0,0.830462,0,0.138046,0,0.0,cleared,31
F00508,2026-03-02 18:15:00,76.8373,13,3,0,0.613392,0,0.046748,0,0.0,cleared,21
F00509,2026-03-02 18:20:00,20.0773,747,0,1,0.756598,0,0.101906,0,0.0,cleared,24
F00510,2026-03-02 18:25:00,18.2165,2026,2,1,0.811883,0,0.106715,0,0.0,cleared,19
F00511,2026-03-02 18:30:00,226.8729,439,1,0,0.623348,1,0.026817,0,0.0,cleared,17
F00512,2026-03-02 18:35:00,90.2096,2245,0,0,0.962333,0,0.022999,0,0.0,cleared,23
F00513,2026-03-02 18:40:00,45.5486,1988,3,0,0.719322,1,0.038706,0,0.0,cleared,33
F00514,2026-03-02 18:45:00,76.2642,1802,0,0,0.734189,1,0.010847,0,0.0,cleared,26
F00515,2026-03-02 18:50:00,11.1682,252,0,0,0.248045,0,0.08432,0,0.0,cleared,27
F00516,2026-03-02 18:55:00,30.9717,114,2,0,0.481352,0,0.02994,0,0.0,cleared,23
F00517,2026-03-02 19:00:00,26.5822,1394,4,0,0.386897,1,0.152691,0,0.0,cleared,33
F00518,2026-03-02 19:05:00,22.2347,68,2,1,0.614653,0,0.201491,0,0.0,cleared,26
F00519,2026-03-02 19:10:00,60.6764,996,0,0,0.947047,0,0.006549,0,0.0,cleared,19
F00520,2026-03-02 19:15:00,17.5286,247,4,0,0.807015,1,0.03243,0,0.0,cleared,29
F00521,2026-03-02 19:20:00,26.3206,1598,2,0,0.66249,0,0.017028,0,0.0,cleared,16
F00522,2026-03-02 19:25:00,30.1018,1015,0,0,0.63958,0,0.089604,0,0.0,cleared,19
F00523,2026-03-02 19:30:00,26.4642,190,0,0,0.514132,0,0.020717,0,0.0,cleared,25
F00524,2026-03-02 19:35:00,246.6316,880,0,0,0.545669,0,0.041347,0,0.0,cleared,22
F00525,2026-03-02 19:40:00,18.2903,2014,4,0,0.839596,1,0.020304,0,0.0,cleared,27
F00526,2026-03-02 19:45:00,45.9349,2251,2,0,0.592184,0,0.018361,0,0.0,cleared,26
F00527,2026-03-02 19:50:00,37.6117,2477,2,0,0.631861,0,0.019959,0,0.0,cleared,29
F00528,2026-03-02 19:55:00,14.1763,996,3,0,0.488476,0,0.049507,0,0.0,cleared,24
F00529,2026-03-02 20:00:00,91.985,1381,1,0,0.810422,0,0.012209,0,0.0,cleared,40
F00530,2026-03-02 20:05:00,92.3378,2482,0,0,0.78392,0,0.025308,0,0.0,cleared,24
F00531,2026-03-02 20:10:00,28.1388,1131,1,0,0.356194,0,0.007938,0,0.0,cleared,22
F00532,2026-03-02 20:15:00,30.2822,1781,2,0,0.888071,0,0.069656,0,0.0,cleared,22
F00533,2026-03-02 20:20:00,19.0071,1185,0,0,0.73964,1,0.00161,0,0.0,cleared,22
F00534,2026-03-02 20:25:00,60.0211,1255,1,0,0.832997,1,0.026794,0,0.0,cleared,27
F00535,2026-03-02 20:30:00,218.1608,1078,1,0,0.619566,0,0.098595,0,0.0,cleared,27
F00536,2026-03-02 20:35:00,49.8178,1286,1,0,0.893114,0,0.016185,0,0.0,cleared,30
F00537,2026-03-02 20:40:00,115.8626,1750,2,0,0.862784,1,0.018186,0,0.0,cleared,33
F00538,2026-03-02 20:45:00,81.7465,1131,0,0,0.938652,1,0.004691,0,0.0,cleared,18
F00539,2026-03-02 20:50:00,65.8813,565,0,0,0.427368,1,0.015775,0,0.0,cleared,22
F00540,2026-03-02 20:55:00,100.0299,2481,2,0,0.886384,0,0.011858,0,0.0,cleared,23
F00541,2026-03-02 21:00:00,51.9169,1639,0,0,0.702694,0,0.01233,0,0.0,cleared,26
F00542,2026-03-02 21:05:00,8.9974,1318,2,0,0.496785,0,0.043186,0,0.0,cleared,29
F00543,2026-03-02 21:10:00,88.5536,2074,2,1,0.786268,0,0.232716,0,0.0,cleared,24
F00544,2026-03-02 21:15:00,66.2046,336,1,0,0.813147,0,0.079224,0,0.0,cleared,30
F00545,2026-03-02 21:20:00,16.5186,118,4,0,0.594097,0,0.038738,0,0.0,cleared,26
F00546,2026-03-02 21:25:00,13.2785,1422,3,0,0.650317,0,0.007155,0,0.0,cleared,23
F00547,2026-03-02 21:30:00,173.2005,1022,2,0,0.926817,0,0.053673,0,0.0,cleared,28
F00548,2026-03-02 21:35:00,20.2732,98,2,1,0.692673,0,0.121931,0,0.0,cleared,27
F00549,2026-03-02 21:40:00,115.3179,458,1,1,0.914913,1,0.093671,0,0.0,cleared,36
F00550,2026-03-02 21:45:00,15.7685,483,6,1,0.915831,0,0.036549,0,0.0,cleared,23
F00551,2026-03-02 21:50:00,22.9499,2331,2,1,0.559136,0,0.120484,0,0.0,cleared,21
F00552,2026-03-02 21:55:00,22.5921,2277,4,0,0.76913,0,0.057443,0,0.0,cleared,30
F00553,2026-03-02 22:00:00,15.8218,2285,4,0,0.926096,0,0.070737,0,0.0,cleared,29
F00554,2026-03-02 22:05:00,77.4354,1361,2,0,0.778039,1,0.074521,0,0.0,cleared,27
F00555,2026-03-02 22:10:00,5.3012,1576,2,0,0.901086,0,0.002523,0,0.0,cleared,29
F00556,2026-03-02 22:15:00,50.7176,2133,1,1,0.527893,0,0.104889,0,0.0,cleared,14
F00557,2026-03-02 22:20:00,55.3202,519,3,0,0.900599,1,0.065931,0,0.0,cleared,34
F00558,2026-03-02 22:25:00,17.6666,2426,1,0,0.831823,0,0.079663,0,0.0,cleared,24
F00559,2026-03-02 22:30:00,352.9592,1079,0,0,0.990515,1,0.008555,0,0.0,cleared,28
F00560,2026-03-02 22:35:00,67.2272,1988,1,0,0.764541,0,0.06993,1,55.7662,fraud_account,59
F00561,2026-03-02 22:40:00,32.2264,331,1,0,0.611982,1,0.030823,0,0.0,cleared,26
F00562,2026-03-02 22:45:00,52.587,2464,3,1,0.793904,1,0.127138,0,0.0,cleared,30
F00563,2026-03-02 22:50:00,37.5406,1895,1,0,0.538881,0,0.04542,0,0.0,cleared,19
F00564,2026-03-02 22:55:00,108.799,1500,1,0,0.560711,0,0.100153,0,0.0,cleared,25
F00565,2026-03-02 23:00:00,21.2041,1170,1,0,0.831062,0,0.057632,0,0.0,cleared,15
F00566,2026-03-02 23:05:00,182.6187,576,2,0,0.704173,0,0.028925,0,0.0,cleared,31
F00567,2026-03-02 23:10:00,3.5481,2395,5,0,0.212174,1,0.026501,0,0.0,cleared,30
F00568,2026-03-02 23:15:00,306.4007,1494,1,0,0.879854,1,0.114348,0,0.0,cleared,30
F00569,2026-03-02 23:20:00,39.9373,2309,1,0,0.756638,1,0.00252,0,0.0,cleared,21
F00570,2026-03-02 23:25:00,102.0351,1887,1,0,0.497689,0,0.041734,0,0.0,cleared,28
F00571,2026-03-02 23:30:00,53.7654,2276,0,0,0.679277,0,0.006206,0,0.0,cleared,26
F00572,2026-03-02 23:35:00,46.1508,452,0,1,0.668575,1,0.066677,0,0.0,cleared,28
F00573,2026-03-02 23:40:00,8.2974,2062,3,0,0.547461,0,0.067054,0,0.0,cleared,19
F00574,2026-03-02 23:45:00,64.031,1242,2,0,0.921593,0,0.039244,0,0.0,cleared,21
F00575,2026-03-02 23:50:00,219.4363,136,1,0,0.883097,0,0.028137,0,0.0,cleared,25
F00576,2026-03-02 23:55:00,25.1175,1161,2,0,0.507275,0,0.014991,0,0.0,cleared,22
F00577,2026-03-03 00:00:00,60.6479,2348,0,0,0.800954,0,0.047825,0,0.0,cleared,21
F00578,2026-03-03 00:05:00,10.2313,98,1,0,0.313819,0,0.037313,0,0.0,cleared,34
F00579,2026-03-03 00:10:00,8.8009,912,4,1,0.738389,0,0.043992,1,6.6146,fraud_card,80
F00580,2026-03-03 00:15:00,15.3546,1030,3,0,0.923473,1,0.02418,0,0.0,cleared,31
F00581,2026-03-03 00:20:00,8.8761,292,2,0,0.829232,0,0.01313,0,0.0,cleared,32
F00582,2026-03-03 00:25:00,22.4119,2229,1,0,0.751411,0,0.024875,0,0.0,cleared,23
F00583,2026-03-03 00:30:00,4.9864,2463,3,0,0.861374,0,0.011199,0,0.0,cleared,20
F00584,2026-03-03 00:35:00,10.35,279,4,0,0.683787,0,0.024825,0,0.0,cleared,15
F00585,2026-03-03 00:40:00,20.0865,2173,2,0,0.450418,1,0.023573,0,0.0,cleared,24
F00586,2026-03-03 00:45:00,18.0224,464,2,0,0.952517,1,0.014634,0,0.0,cleared,23
F00587,2026-03-03 00:50:00,30.7016,160,1,0,0.859166,0,0.021532,0,0.0,cleared,30
F00588,2026-03-03 00:55:00,18.3849,1028,0,0,0.744985,0,0.014328,0,0.0,cleared,12
F00589,2026-03-03 01:00:00,59.389,1395,1,0,0.747581,0,0.032581,0,0.0,cleared,26
F00590,2026-03-03 01:05:00,27.8669,257,1,0,0.823191,1,0.004822,0,0.0,cleared,20
F00591,2026-03-03 01:10:00,29.5013,2396,0,0,0.688859,1,0.036653,0,0.0,cleared,27
F00592,2026-03-03 01:15:00,36.7776,433,2,0,0.632889,1,0.007445,0,0.0,cleared,31
F00593,2026-03-03 01:20:00,38.0324,1130,3,0,0.726968,0,0.025422,0,0.0,cleared,24
F00594,2026-03-03 01:25:00,94.575,2037,1,0,0.859617,0,0.032905,0,0.0,cleared,22
F00595,2026-03-03 01:30:00,89.7508,1802,0,0,0.809562,1,0.011657,0,0.0,cleared,24
F00596,2026-03-03 01:35:00,3.8143,1538,3,0,0.772043,0,0.007088,0,0.0,cleared,25
F00597,2026-03-03 01:40:00,29.8176,467,0,1,0.607306,1,0.035953,0,0.0,cleared,26
F00598,2026-03-03 01:45:00,55.4022,938,3,1,0.133294,0,0.191716,0,0.0,cleared,25
F00599,2026-03-03 01:50:00,57.2644,809,0,0,0.860397,0,0.029468,0,0.0,cleared,17
F00600,2026-03-03 01:55:00,37.5967,2263,1,0,0.795338,0,0.02416,0,0.0,cleared,15
F00601,2026-03-03 02:00:00,81.8485,1550,1,0,0.903693,0,0.033206,0,0.0,cleared,18
F00602,2026-03-03 02:05:00,24.6185,1941,2,0,0.858035,0,0.005105,0,0.0,cleared,25
F00603,2026-03-03 02:10:00,24.3948,1617,0,0,0.884806,1,0.00754,0,0.0,cleared,29
F00604,2026-03-03 02:15:00,6.4301,2156,1,0,0.824914,1,0.002387,0,0.0,cleared,19
F00605,2026-03-03 02:20:00,75.8455,1996,0,1,0.953551,0,0.049966,0,0.0,cleared,26
F00606,2026-03-03 02:25:00,323.4726,222,4,0,0.789613,0,0.263743,0,0.0,cleared,19
F00607,2026-03-03 02:30:00,107.0785,1173,2,0,0.758842,0,0.07312,0,0.0,cleared,20
F00608,2026-03-03 02:35:00,23.1588,736,1,0,0.544858,1,0.005727,0,0.0,cleared,21
F00609,2026-03-03 02:40:00,233.7997,1403,0,1,0.835549,0,0.132939,0,0.0,cleared,18
F00610,2026-03-03 02:45:00,116.1588,685,1,0,0.754759,0,0.014854,0,0.0,cleared,28
F00611,2026-03-03 02:50:00,144.8937,1051,1,0,0.689766,0,0.010656,0,0.0,cleared,13
F00612,2026-03-03 02:55:00,16.2273,863,2,0,0.543822,0,0.046608,0,0.0,cleared,25
F00613,2026-03-03 03:00:00,29.6198,1903,1,0,0.775985,0,0.013873,0,0.0,cleared,26
F00614,2026-03-03 03:05:00,42.3532,1923,2,0,0.778523,1,0.018197,0,0.0,cleared,26
F00615,2026-03-03 03:10:00,48.5665,883,3,0,0.793261,1,0.011562,0,0.0,cleared,32
F00616,2026-03-03 03:15:00,66.4925,2012,1,0,0.46787,1,0.014591,0,0.0,cleared,17
F00617,2026-03-03 03:20:00,48.7601,1527,2,0,0.732985,1,0.127555,0,0.0,cleared,23
F00618,2026-03-03 03:25:00,64.1011,2364,2,0,0.409662,0,0.019731,0,0.0,cleared,24
F00619,2026-03-03 03:30:00,18.8735,2209,1,0,0.793246,0,0.041546,0,0.0,cleared,30
F00620,2026-03-03 03:35:00,44.113,1533,2,0,0.724519,1,0.040395,0,0.0,cleared,21
F00621,2026-03-03 03:40:00,15.4445,2458,2,0,0.761769,0,0.034198,0,0.0,cleared,21
F00622,2026-03-03 03:45:00,17.2655,2210,0,0,0.576314,0,0.016081,0,0.0,cleared,20
F00623,2026-03-03 03:50:00,39.9833,1249,2,0,0.554819,1,0.032955,0,0.0,cleared,27
F00624,2026-03-03 03:55:00,49.1808,934,3,0,0.898789,0,0.22743,0,0.0,cleared,31
F00625,2026-03-03 04:00:00,131.5799,1252,3,0,0.592468,1,0.08765,0,0.0,cleared,30
F00626,2026-03-03 04:05:00,28.5578,2347,2,0,0.583654,0,0.009731,0,0.0,cleared,30
F00627,2026-03-03 04:10:00,139.247,641,1,0,0.860556,1,0.047339,0,0.0,cleared,23
F00628,2026-03-03 04:15:00,28.4185,1189,0,0,0.740702,0,0.024317,0,0.0,cleared,15
F00629,2026-03-03 04:20:00,58.8634,1151,0,0,0.543749,1,0.123225,0,0.0,cleared,29
F00630,2026-03-03 04:25:00,33.3195,2292,2,0,0.776491,0,0.008125,0,0.0,cleared,30
F00631,2026-03-03 04:30:00,24.0066,851,3,0,0.643075,0,0.068875,0,0.0,cleared,35
F00632,2026-03-03 04:35:00,126.2878,307,1,0,0.659164,1,0.01828,0,0.0,cleared,22
F00633,2026-03-03 04:40:00,703.424,540,0,0,0.507356,1,0.026028,0,0.0,cleared,27
F00634,2026-03-03 04:45:00,15.4871,1454,1,0,0.576,0,0.014519,0,0.0,cleared,21
F00635,2026-03-03 04:50:00,103.6273,1542,1,0,0.566837,0,0.027569,0,0.0,cleared,22
F00636,2026-03-03 04:55:00,43.2217,326,1,0,0.462273,0,0.061684,0,0.0,cleared,21
F00637,2026-03-03 05:00:00,74.5501,332,3,0,0.822929,0,0.159565,0,0.0,cleared,32
F00638,2026-03-03 05:05:00,144.2953,933,2,1,0.661982,0,0.590457,0,0.0,cleared,28
F00639,2026-03-03 05:10:00,68.4019,1930,1,1,0.678949,0,0.183126,0,0.0,cleared,27
F00640,2026-03-03 05:15:00,138.8107,2315,1,1,0.519827,1,0.197575,0,0.0,cleared,23
F00641,2026-03-03 05:20:00,91.2632,443,0,1,0.634165,1,0.108001,0,0.0,cleared,26
F00642,2026-03-03 05:25:00,42.2948,1929,1,0,0.833075,0,0.089752,0,0.0,cleared,18
F00643,2026-03-03 05:30:00,13.827,1936,2,0,0.960817,0,0.042219,0,0.0,cleared,18
F00644,2026-03-03 05:35:00,26.8281,2266,3,0,0.480077,1,0.098354,0,0.0,cleared,25
F00645,2026-03-03 05:40:00,50.3209,2454,2,0,0.584002,0,0.039767,0,0.0,cleared,28
F00646,2026-03-03 05:45:00,28.6504,2004,2,0,0.833211,0,0.0194,0,0.0,cleared,20
F00647,2026-03-03 05:50:00,25.0052,333,2,0,0.426,1,0.022386,0,0.0,cleared,27
F00648,2026-03-03 05:55:00,25.7671,2094,1,1,0.747282,0,0.198258,0,0.0,cleared,23
F00649,2026-03-03 06:00:00,45.7325,643,1,0,0.431666,1,0.034685,0,0.0,cleared,27
F00650,2026-03-03 06:05:00,7.4752,1935,1,0,0.87163,1,0.008716,0,0.0,cleared,24
F00651,2026-03-03 06:10:00,60.0202,1152,1,1,0.878697,1,0.048679,0,0.0,cleared,29
F00652,2026-03-03 06:15:00,141.1542,523,1,0,0.688759,0,0.069108,0,0.0,cleared,29
F00653,2026-03-03 06:20:00,50.9171,2347,1,1,0.709465,1,0.024852,0,0.0,cleared,21
F00654,2026-03-03 06:25:00,105.6273,1698,1,0,0.299759,1,0.03009,0,0.0,cleared,16
F00655,2026-03-03 06:30:00,7.1406,297,4,0,0.986713,0,0.082353,1,6.5892,fraud_account,77
F00656,2026-03-03 06:35:00,33.5865,1320,2,0,0.664493,1,0.026499,0,0.0,cleared,18
F00657,2026-03-03 06:40:00,272.8872,571,4,0,0.649798,0,0.124947,0,0.0,cleared,25
F00658,2026-03-03 06:45:00,5.2236,1241,2,1,0.797051,0,0.087507,1,3.8971,fraud_account,77
F00659,2026-03-03 06:50:00,75.3253,527,1,0,0.796626,0,0.05786,0,0.0,cleared,14
F00660,2026-03-03 06:55:00,28.0374,1038,4,1,0.892452,0,0.156109,1,22.3891,fraud_card,63
F00661,2026-03-03 07:00:00,8.2943,878,3,0,0.971918,1,0.004367,0,0.0,cleared,19
F00662,2026-03-03 07:05:00,73.7434,2306,3,1,0.868227,0,0.145133,0,0.0,cleared,16
F00663,2026-03-03 07:10:00,21.0587,1961,2,0,0.964074,0,0.007256,0,0.0,cleared,14
F00664,2026-03-03 07:15:00,12.0471,67,1,0,0.940695,1,0.022025,0,0.0,cleared,20
F00665,2026-03-03 07:20:00,18.5105,553,3,0,0.426616,0,0.021803,0,0.0,cleared,20
F00666,2026-03-03 07:25:00,138.6014,1538,3,0,0.954116,0,0.049462,0,0.0,cleared,32
F00667,2026-03-03 07:30:00,132.8658,1350,2,0,0.941369,0,0.023082,0,0.0,cleared,20
F00668,2026-03-03 07:35:00,25.6809,796,1,0,0.899679,0,0.038298,0,0.0,cleared,25
F00669,2026-03-03 07:40:00,55.0352,579,3,0,0.642753,0,0.174737,0,0.0,cleared,38
F00670,2026-03-03 07:45:00,86.7294,1277,5,0,0.357732,1,0.069837,0,0.0,cleared,27
F00671,2026-03-03 07:50:00,16.5509,920,2,0,0.841436,1,0.039836,0,0.0,cleared,26
F00672,2026-03-03 07:55:00,14.762,648,0,1,0.782585,1,0.05692,0,0.0,cleared,33
F00673,2026-03-03 08:00:00,7.5737,300,0,0,0.741248,0,0.01461,0,0.0,cleared,27
F00674,2026-03-03 08:05:00,10.7615,2424,1,0,0.753306,0,0.038387,0,0.0,cleared,24
F00675,2026-03-03 08:10:00,12.8501,1008,2,0,0.701874,0,0.080727,0,0.0,cleared,34
F00676,2026-03-03 08:15:00,14.2526,5,1,0,0.874449,1,0.008203,0,0.0,cleared,26
F00677,2026-03-03 08:20:00,33.2452,563,2,0,0.698539,0,0.030351,0,0.0,cleared,27
F00678,2026-03-03 08:25:00,86.0872,396,0,0,0.702685,1,0.010104,0,0.0,cleared,31
F00679,2026-03-03 08:30:00,18.2626,1977,1,0,0.620467,1,0.016764,0,0.0,cleared,28
F00680,2026-03-03 08:35:00,8.8471,1337,0,0,0.627728,1,0.061104,0,0.0,cleared,24
F00681,2026-03-03 08:40:00,42.3839,1263,2,1,0.671366,0,0.085317,0,0.0,cleared,27
F00682,2026-03-03 08:45:00,14.6208,152,1,0,0.682768,0,0.009039,0,0.0,cleared,29
F00683,2026-03-03 08:50:00,45.8392,1343,0,0,0.720643,0,0.115043,0,0.0,cleared,24
F00684,2026-03-03 08:55:00,33.4914,417,3,0,0.86536,0,0.005323,0,0.0,cleared,29
F00685,2026-03-03 09:00:00,126.037,1628,0,0,0.581277,1,0.009168,0,0.0,cleared,22
F00686,2026-03-03 09:05:00,8.869,1730,1,0,0.789121,1,0.012601,0,0.0,cleared,33
F00687,2026-03-03 09:10:00,28.2224,1728,2,0,0.731185,0,0.011003,0,0.0,cleared,23
F00688,2026-03-03 09:15:00,61.7664,2066,2,1,0.732971,0,0.189834,0,0.0,cleared,35
F00689,2026-03-03 09:20:00,30.4009,2378,0,0,0.544676,0,0.070152,0,0.0,cleared,30
F00690,2026-03-03 09:25:00,297.5015,1298,1,0,0.62977,1,0.049185,0,0.0,cleared,23
F00691,2026-03-03 09:30:00,92.1178,1959,1,0,0.45594,0,0.066842,0,0.0,cleared,23
F00692,2026-03-03 09:35:00,11.9434,1128,0,0,0.819204,0,0.015558,0,0.0,cleared,18
F00693,2026-03-03 09:40:00,306.2342,131,0,0,0.766962,0,0.018372,0,0.0,cleared,21
F00694,2026-03-03 09:45:00,24.7548,2203,2,0,0.83505,1,0.0046,0,0.0,cleared,32
F00695,2026-03-03 09:50:00,25.1214,975,3,0,0.266554,1,0.067475,0,0.0,cleared,19
F00696,2026-03-03 09:55:00,58.4037,2291,2,0,0.822277,0,0.044212,0,0.0,cleared,30
F00697,2026-03-03 10:00:00,202.7356,640,2,0,0.593369,1,0.042599,0,0.0,cleared,23
F00698,2026-03-03 10:05:00,25.4039,1673,1,0,0.350927,0,0.068232,0,0.0,cleared,24
F00699,2026-03-03 10:10:00,26.0318,1518,2,0,0.755214,1,0.049648,0,0.0,cleared,24
F00700,2026-03-03 10:15:00,28.5753,2185,1,0,0.883429,1,0.008039,0,0.0,cleared,29
F00701,2026-03-03 10:20:00,14.8748,1607,3,1,0.629179,0,0.189801,0,0.0,cleared,20
F00702,2026-03-03 10:25:00,26.9061,1232,3,0,0.938947,0,0.321937,0,0.0,cleared,27
F00703,2026-03-03 10:30:00,40.3737,1817,3,0,0.878672,0,0.057355,0,0.0,cleared,18
F00704,2026-03-03 10:35:00,36.3466,734,0,0,0.710389,0,0.030735,0,0.0,cleared,18
F00705,2026-03-03 10:40:00,32.4608,1673,3,0,0.716024,0,0.032815,0,0.0,cleared,18
F00706,2026-03-03 10:45:00,78.3721,1789,4,0,0.698227,1,0.02611,0,0.0,cleared,24
F00707,2026-03-03 10:50:00,21.7762,1687,4,0,0.599291,1,0.053432,0,0.0,cleared,20
F00708,2026-03-03 10:55:00,84.6531,908,2,0,0.87292,1,0.029874,0,0.0,cleared,22
F00709,2026-03-03 11:00:00,54.9753,1788,1,0,0.553535,0,0.121511,0,0.0,cleared,33
F00710,2026-03-03 11:05:00,107.2055,545,1,0,0.615943,0,0.019939,0,0.0,cleared,23
F00711,2026-03-03 11:10:00,6.192,1678,4,0,0.592444,0,0.031687,0,0.0,cleared,31
F00712,2026-03-03 11:15:00,14.3769,1682,1,0,0.755724,0,0.007466,0,0.0,cleared,25
F00713,2026-03-03 11:20:00,43.3814,506,4,0,0.715929,0,0.021297,0,0.0,cleared,30
F00714,2026-03-03 11:25:00,55.0599,2036,4,0,0.512912,0,0.067252,0,0.0,cleared,19
F00715,2026-03-03 11:30:00,21.4112,1589,7,0,0.948696,0,0.117646,0,0.0,cleared,29
F00716,2026-03-03 11:35:00,44.6131,2195,2,0,0.721479,0,0.021206,0,0.0,cleared,32
F00717,2026-03-03 11:40:00,24.0085,1015,0,0,0.572092,1,0.018528,0,0.0,cleared,27
F00718,2026-03-03 11:45:00,15.0433,930,2,0,0.864918,0,0.027453,0,0.0,cleared,27
F00719,2026-03-03 11:50:00,25.4534,1221,0,0,0.559391,0,0.015476,0,0.0,cleared,25
F00720,2026-03-03 11:55:00,52.3405,784,2,0,0.581185,1,0.065729,0,0.0,cleared,27
F00721,2026-03-03 12:00:00,153.9961,745,1,0,0.502677,0,0.034311,0,0.0,cleared,22
F00722,2026-03-03 12:05:00,95.2704,1790,4,0,0.479377,0,0.172966,0,0.0,cleared,33
F00723,2026-03-03 12:10:00,14.6593,66,2,0,0.742312,1,0.024141,0,0.0,cleared,24
F00724,2026-03-03 12:15:00,190.7656,198,5,0,0.785599,0,0.025573,0,0.0,cleared,22
F00725,2026-03-03 12:20:00,18.796,1889,3,1,0.848574,0,0.05827,0,0.0,cleared,21
F00726,2026-03-03 12:25:00,42.3484,1654,1,1,0.726904,0,0.262511,0,0.0,cleared,30
F00727,2026-03-03 12:30:00,19.3278,1642,0,0,0.783809,0,0.005149,1,17.3643,fraud_card,73
F00728,2026-03-03 12:35:00,27.2403,1111,2,0,0.812974,0,0.041267,0,0.0,cleared,23
F00729,2026-03-03 12:40:00,76.3546,2291,2,1,0.670198,0,0.151327,0,0.0,cleared,27
F00730,2026-03-03 12:45:00,28.2151,804,3,1,0.552937,0,0.110515,0,0.0,cleared,25
F00731,2026-03-03 12:50:00,17.2109,1399,3,1,0.993971,1,0.046725,0,0.0,cleared,31
F00732,2026-03-03 12:55:00,22.5698,1593,3,0,0.861872,1,0.062584,0,0.0,cleared,21
F00733,2026-03-03 13:00:00,50.4563,943,2,0,0.720574,1,0.163868,0,0.0,cleared,28
F00734,2026-03-03 13:05:00,24.0645,1135,3,0,0.500119,0,0.033804,0,0.0,cleared,29
F00735,2026-03-03 13:10:00,11.0438,50,2,0,0.902106,0,0.032987,0,0.0,cleared,27
F00736,2026-03-03 13:15:00,282.6443,173,1,0,0.740869,1,0.116097,0,0.0,cleared,25
F00737,2026-03-03 13:20:00,43.7489,1156,2,0,0.681237,1,0.019646,0,0.0,cleared,27
F00738,2026-03-03 13:25:00,69.0206,1100,2,1,0.701448,0,0.093267,0,0.0,cleared,24
F00739,2026-03-03 13:30:00,4.8465,1251,2,0,0.73765,0,0.061367,0,0.0,cleared,20
F00740,2026-03-03 13:35:00,226.8721,759,1,0,0.828967,1,0.018288,0,0.0,cleared,29
F00741,2026-03-03 13:40:00,13.9496,843,1,0,0.731618,0,0.069935,0,0.0,cleared,22
F00742,2026-03-03 13:45:00,32.6863,1270,0,1,0.734974,0,0.07903,0,0.0,cleared,19
F00743,2026-03-03 13:50:00,202.4496,1135,3,0,0.884811,0,0.072733,0,0.0,cleared,27
F00744,2026-03-03 13:55:00,144.4717,2440,2,0,0.801981,1,0.037197,0,0.0,cleared,31
F00745,2026-03-03 14:00:00,72.1764,2284,2,1,0.829132,0,0.20105,1,51.8963,fraud_account,65
F00746,2026-03-03 14:05:00,18.3087,274,1,0,0.704276,1,0.027167,0,0.0,cleared,27
F00747,2026-03-03 14:10:00,8.4836,1703,2,0,0.879799,1,0.013995,0,0.0,cleared,28
F00748,2026-03-03 14:15:00,21.4518,2481,4,0,0.784475,0,0.028625,0,0.0,cleared,25
F00749,2026-03-03 14:20:00,89.1394,533,3,0,0.860186,0,0.072164,0,0.0,cleared,31
F00750,2026-03-03 14:25:00,184.0908,2099,1,0,0.627028,1,0.021382,0,0.0,cleared,23
F00751,2026-03-03 14:30:00,68.3369,1273,3,1,0.323379,1,0.096707,0,0.0,cleared,33
F00752,2026-03-03 14:35:00,13.0129,1361,1,0,0.507364,1,0.023219,0,0.0,cleared,26
F00753,2026-03-03 14:40:00,25.5002,1156,0,0,0.901163,0,0.026106,0,0.0,cleared,17
F00754,2026-03-03 14:45:00,322.0941,1694,1,0,0.700925,1,0.015675,0,0.0,cleared,22
F00755,2026-03-03 14:50:00,27.1496,914,1,1,0.796628,0,0.026165,1,22.745,fraud_card,75
F00756,2026-03-03 14:55:00,117.9584,1999,1,0,0.570332,0,0.056617,0,0.0,cleared,31
F00757,2026-03-03 15:00:00,40.5343,1671,0,0,0.808446,0,0.017279,0,0.0,cleared,29
F00758,2026-03-03 15:05:00,55.022,773,1,1,0.708229,0,0.091814,0,0.0,cleared,25
F00759,2026-03-03 15:10:00,80.9003,2482,1,0,0.856532,0,0.033278,0,0.0,cleared,21
F00760,2026-03-03 15:15:00,46.243,554,1,0,0.873193,0,0.009389,0,0.0,cleared,29
F00761,2026-03-03 15:20:00,183.1346,1908,3,0,0.757221,0,0.059463,0,0.0,cleared,25
F00762,2026-03-03 15:25:00,49.7811,1051,1,0,0.663068,0,0.02542,0,0.0,cleared,26
F00763,2026-03-03 15:30:00,12.7134,1059,0,0,0.387971,0,0.024412,0,0.0,cleared,34
F00764,2026-03-03 15:35:00,36.0437,359,0,0,0.399749,0,0.009889,0,0.0,cleared,28
F00765,2026-03-03 15:40:00,106.6086,1915,0,0,0.504932,0,0.016966,0,0.0,cleared,23
F00766,2026-03-03 15:45:00,276.0299,613,1,1,0.880151,0,0.137535,1,252.7775,fraud_card,77
F00767,2026-03-03 15:50:00,114.1968,754,1,0,0.397707,1,0.024028,0,0.0,cleared,23
F00768,2026-03-03 15:55:00,50.9814,1455,2,0,0.517186,1,0.022273,0,0.0,cleared,25
F00769,2026-03-03 16:00:00,43.9587,134,2,0,0.53705,0,0.037248,0,0.0,cleared,31
F00770,2026-03-03 16:05:00,10.6161,54,1,0,0.861422,1,0.005919,0,0.0,cleared,29
F00771,2026-03-03 16:10:00,7.619,316,1,0,0.294719,1,0.004842,0,0.0,cleared,20
F00772,2026-03-03 16:15:00,121.4706,1743,2,1,0.50302,0,0.213955,1,108.3288,fraud_card,60
F00773,2026-03-03 16:20:00,30.5833,527,0,0,0.583992,0,0.018424,0,0.0,cleared,31
F00774,2026-03-03 16:25:00,30.2864,1048,4,0,0.830722,0,0.055033,0,0.0,cleared,19
F00775,2026-03-03 16:30:00,107.1678,1490,1,0,0.938775,0,0.039302,0,0.0,cleared,27
F00776,2026-03-03 16:35:00,28.3784,1017,1,0,0.802523,1,0.027253,0,0.0,cleared,26
F00777,2026-03-03 16:40:00,43.4592,1972,0,0,0.923239,0,0.06131,1,43.1792,fraud_card,87
F00778,2026-03-03 16:45:00,31.5849,952,2,0,0.679181,0,0.08026,0,0.0,cleared,27
F00779,2026-03-03 16:50:00,131.7553,1771,2,0,0.561177,0,0.042978,0,0.0,cleared,26
F00780,2026-03-03 16:55:00,134.6276,1094,0,0,0.618048,0,0.088338,0,0.0,cleared,19
F00781,2026-03-03 17:00:00,76.3118,516,3,0,0.852935,1,0.085781,0,0.0,cleared,17
F00782,2026-03-03 17:05:00,61.5675,707,3,0,0.895677,0,0.030774,0,0.0,cleared,22
F00783,2026-03-03 17:10:00,12.5636,619,1,0,0.858398,0,0.029083,0,0.0,cleared,22
F00784,2026-03-03 17:15:00,38.8521,1276,4,0,0.695155,1,0.01958,0,0.0,cleared,29
F00785,2026-03-03 17:20:00,25.1024,491,3,0,0.649797,0,0.076396,0,0.0,cleared,26
F00786,2026-03-03 17:25:00,4.3861,1124,2,0,0.481439,0,0.089943,0,0.0,cleared,23
F00787,2026-03-03 17:30:00,45.1689,1160,1,0,0.464779,1,0.105553,0,0.0,cleared,23
F00788,2026-03-03 17:35:00,84.0121,196,0,1,0.787635,0,0.075634,0,0.0,cleared,33
F00789,2026-03-03 17:40:00,221.8437,1766,4,0,0.910126,0,0.052792,1,158.1172,fraud_card,62
F00790,2026-03-03 17:45:00,62.892,2070,3,0,0.738722,0,0.048291,0,0.0,cleared,27
F00791,2026-03-03 17:50:00,18.8237,875,4,1,0.903676,0,0.163173,0,0.0,cleared,27
F00792,2026-03-03 17:55:00,25.3848,27,2,0,0.63041,0,0.00992,0,0.0,cleared,20
F00793,2026-03-03 18:00:00,23.7192,2028,0,0,0.961766,0,0.029057,0,0.0,cleared,24
F00794,2026-03-03 18:05:00,39.2446,660,2,0,0.896615,0,0.123171,0,0.0,cleared,18
F00795,2026-03-03 18:10:00,18.2215,752,1,0,0.856189,1,0.040144,0,0.0,cleared,25
F00796,2026-03-03 18:15:00,39.0692,852,3,0,0.606482,1,0.026673,0,0.0,cleared,26
F00797,2026-03-03 18:20:00,14.9677,958,2,0,0.85237,0,0.012517,0,0.0,cleared,17
F00798,2026-03-03 18:25:00,23.6159,40,1,0,0.772977,1,0.026377,0,0.0,cleared,17
F00799,2026-03-03 18:30:00,13.2164,1061,2,1,0.753702,0,0.062206,0,0.0,cleared,26
F00800,2026-03-03 18:35:00,29.9038,270,1,0,0.591197,0,0.040305,0,0.0,cleared,24
F00801,2026-03-03 18:40:00,9.8494,1201,5,0,0.448071,1,0.068267,0,0.0,cleared,27
F00802,2026-03-03 18:45:00,25.4222,214,2,0,0.91003,1,0.008048,0,0.0,cleared,21
F00803,2026-03-03 18:50:00,22.3709,1810,4,0,0.846825,0,0.00656,0,0.0,cleared,22
F00804,2026-03-03 18:55:00,28.0097,516,3,0,0.53699,0,0.057181,0,0.0,cleared,24
F00805,2026-03-03 19:00:00,36.3189,499,4,0,0.48452,1,0.057722,0,0.0,cleared,26
F00806,2026-03-03 19:05:00,118.4106,1042,4,0,0.655186,1,0.165914,0,0.0,cleared,20
F00807,2026-03-03 19:10:00,44.6682,81,1,0,0.801397,0,0.012325,0,0.0,cleared,30
F00808,2026-03-03 19:15:00,66.0393,1105,2,0,0.45909,0,0.064967,0,0.0,cleared,29
F00809,2026-03-03 19:20:00,14.67,1563,3,0,0.724906,0,0.009808,0,0.0,cleared,20
F00810,2026-03-03 19:25:00,127.9448,186,3,0,0.885667,1,0.044149,0,0.0,cleared,20
F00811,2026-03-03 19:30:00,23.4049,1186,1,1,0.728888,0,0.125638,0,0.0,cleared,26
F00812,2026-03-03 19:35:00,185.3077,208,4,1,0.668856,0,0.52225,0,0.0,cleared,24
F00813,2026-03-03 19:40:00,18.3363,2133,2,0,0.675109,0,0.020177,0,0.0,cleared,25
F00814,2026-03-03 19:45:00,77.0335,1110,1,0,0.736963,1,0.042304,0,0.0,cleared,31
F00815,2026-03-03 19:50:00,232.3876,1526,5,0,0.778157,0,0.093702,0,0.0,cleared,25
F00816,2026-03-03 19:55:00,79.1536,1903,0,0,0.555927,0,0.143988,0,0.0,cleared,26
F00817,2026-03-03 20:00:00,6.9872,439,0,0,0.371373,1,0.01125,0,0.0,cleared,25
F00818,2026-03-03 20:05:00,22.1615,382,0,0,0.701659,0,0.013886,0,0.0,cleared,22
F00819,2026-03-03 20:10:00,10.1547,725,1,1,0.990671,0,0.089206,0,0.0,cleared,19
F00820,2026-03-03 20:15:00,5.7828,837,0,0,0.53499,1,0.001919,0,0.0,cleared,13
F00821,2026-03-03 20:20:00,271.6463,2137,0,0,0.915497,1,0.011487,0,0.0,cleared,27
F00822,2026-03-03 20:25:00,28.8179,521,1,0,0.432969,0,0.098724,1,28.094,fraud_card,78
F00823,2026-03-03 20:30:00,29.2368,2381,0,0,0.405264,1,0.027879,0,0.0,cleared,31
F00824,2026-03-03 20:35:00,51.4823,1818,4,0,0.860365,1,0.084609,0,0.0,cleared,25
F00825,2026-03-03 20:40:00,41.416,777,4,0,0.379124,1,0.07711,0,0.0,cleared,22
F00826,2026-03-03 20:45:00,38.1009,1530,3,0,0.857922,0,0.031913,0,0.0,cleared,26
F00827,2026-03-03 20:50:00,47.9969,1206,1,0,0.401035,0,0.191004,0,0.0,cleared,16
F00828,2026-03-03 20:55:00,25.7851,616,2,0,0.480243,0,0.090874,0,0.0,cleared,22
F00829,2026-03-03 21:00:00,25.6724,1229,2,0,0.476199,0,0.053189,0,0.0,cleared,28
F00830,2026-03-03 21:05:00,120.5563,397,2,0,0.908556,0,0.032812,0,0.0,cleared,16
F00831,2026-03-03 21:10:00,7.3477,2052,2,1,0.959522,0,0.028344,0,0.0,cleared,30
F00832,2026-03-03 21:15:00,10.0458,139,3,0,0.924145,0,0.024617,0,0.0,cleared,35
F00833,2026-03-03 21:20:00,51.5878,1566,3,0,0.498844,0,0.068538,0,0.0,cleared,30
F00834,2026-03-03 21:25:00,38.7181,90,1,0,0.893043,1,0.013814,0,0.0,cleared,26
F00835,2026-03-03 21:30:00,32.5899,2369,5,0,0.644354,1,0.019577,0,0.0,cleared,15
F00836,2026-03-03 21:35:00,12.372,1247,2,0,0.807489,0,0.078995,0,0.0,cleared,19
F00837,2026-03-03 21:40:00,22.0372,431,0,1,0.749245,0,0.054999,0,0.0,cleared,21
F00838,2026-03-03 21:45:00,97.5319,2328,1,0,0.861861,0,0.085034,0,0.0,cleared,12
F00839,2026-03-03 21:50:00,21.7741,2428,1,0,0.804513,0,0.061549,0,0.0,cleared,30
F00840,2026-03-03 21:55:00,16.2412,1030,1,0,0.888165,0,0.061977,0,0.0,cleared,21
F00841,2026-03-03 22:00:00,89.0007,160,1,0,0.635008,0,0.016773,0,0.0,cleared,17
F00842,2026-03-03 22:05:00,27.9719,1103,2,0,0.845907,0,0.04131,0,0.0,cleared,28
F00843,2026-03-03 22:10:00,56.7212,1949,1,0,0.827226,1,0.030964,0,0.0,cleared,28
F00844,2026-03-03 22:15:00,27.5962,761,2,0,0.965815,0,0.005686,0,0.0,cleared,29
F00845,2026-03-03 22:20:00,172.6454,558,1,0,0.834201,0,0.113726,0,0.0,cleared,25
F00846,2026-03-03 22:25:00,16.1424,2322,1,0,0.812657,0,0.012452,0,0.0,cleared,31
F00847,2026-03-03 22:30:00,47.1167,631,1,0,0.583752,0,0.047285,0,0.0,cleared,29
F00848,2026-03-03 22:35:00,24.2053,710,1,1,0.522441,0,0.272065,0,0.0,cleared,21
F00849,2026-03-03 22:40:00,25.949,518,3,0,0.660687,0,0.030588,0,0.0,cleared,24
F00850,2026-03-03 22:45:00,40.4563,721,2,0,0.488521,0,0.027333,0,0.0,cleared,28
F00851,2026-03-03 22:50:00,13.7253,602,0,0,0.815893,0,0.010265,0,0.0,cleared,23
F00852,2026-03-03 22:55:00,62.7298,1791,1,0,0.494262,0,0.015836,0,0.0,cleared,26
F00853,2026-03-03 23:00:00,53.6344,2103,2,0,0.922239,0,0.068907,0,0.0,cleared,30
F00854,2026-03-03 23:05:00,45.3341,1371,2,0,0.712767,0,0.144849,0,0.0,cleared,30
F00855,2026-03-03 23:10:00,42.0117,1993,3,0,0.830376,0,0.047051,0,0.0,cleared,33
F00856,2026-03-03 23:15:00,134.9978,2060,0,0,0.846308,0,0.062636,0,0.0,cleared,34
F00857,2026-03-03 23:20:00,75.8344,1682,2,1,0.853304,0,0.210305,0,0.0,cleared,20
F00858,2026-03-03 23:25:00,41.6373,1365,0,1,0.630629,0,0.08841,0,0.0,cleared,37
F00859,2026-03-03 23:30:00,56.69,1937,1,0,0.894825,0,0.013875,1,55.6448,fraud_account,75
F00860,2026-03-03 23:35:00,26.6056,753,2,1,0.82099,1,0.150289,0,0.0,cleared,28
F00861,2026-03-03 23:40:00,31.436,1513,0,0,0.69449,0,0.031282,0,0.0,cleared,25
F00862,2026-03-03 23:45:00,587.3309,1356,3,0,0.827352,1,0.138607,1,478.2129,fraud_account,84
F00863,2026-03-03 23:50:00,48.8688,757,3,0,0.418773,0,0.05622,0,0.0,cleared,24
F00864,2026-03-03 23:55:00,410.7399,398,2,0,0.49272,0,0.111531,0,0.0,cleared,21
F00865,2026-03-04 00:00:00,19.6697,827,1,1,0.787089,0,0.043128,0,0.0,cleared,24
F00866,2026-03-04 00:05:00,30.4871,304,4,0,0.444368,0,0.034701,0,0.0,cleared,23
F00867,2026-03-04 00:10:00,25.0455,2179,0,0,0.604969,0,0.025115,1,18.7403,fraud_account,46
F00868,2026-03-04 00:15:00,45.2114,846,4,0,0.911942,0,0.170726,0,0.0,cleared,26
F00869,2026-03-04 00:20:00,45.5468,1132,1,0,0.498138,1,0.048993,0,0.0,cleared,21
F00870,2026-03-04 00:25:00,150.8538,1233,2,0,0.724657,0,0.043278,0,0.0,cleared,19
F00871,2026-03-04 00:30:00,128.8099,826,1,0,0.871827,0,0.007151,0,0.0,cleared,26
F00872,2026-03-04 00:35:00,153.0807,1983,4,0,0.738904,0,0.190357,0,0.0,cleared,16
F00873,2026-03-04 00:40:00,70.6153,355,2,0,0.875535,0,0.055335,0,0.0,cleared,27
F00874,2026-03-04 00:45:00,33.5976,342,1,0,0.91319,0,0.018337,0,0.0,cleared,22
F00875,2026-03-04 00:50:00,28.0465,1935,4,0,0.740831,0,0.075374,0,0.0,cleared,25
F00876,2026-03-04 00:55:00,149.9847,799,0,0,0.597401,0,0.011679,0,0.0,cleared,28
F00877,2026-03-04 01:00:00,42.8997,1131,3,0,0.92499,0,0.128749,0,0.0,cleared,28
F00878,2026-03-04 01:05:00,56.7649,1467,0,0,0.80995,0,0.043329,0,0.0,cleared,24
F00879,2026-03-04 01:10:00,91.5169,2244,4,0,0.7762,1,0.024152,0,0.0,cleared,17
F00880,2026-03-04 01:15:00,56.5444,961,0,0,0.590983,1,0.01218,0,0.0,cleared,17
F00881,2026-03-04 01:20:00,61.6055,542,3,0,0.789467,0,0.098859,0,0.0,cleared,21
F00882,2026-03-04 01:25:00,18.6202,2108,4,0,0.816656,1,0.026835,0,0.0,cleared,28
F00883,2026-03-04 01:30:00,105.9786,1659,2,0,0.559573,0,0.082157,1,93.3882,fraud_account,70
F00884,2026-03-04 01:35:00,106.2191,687,7,0,0.746794,0,0.117815,0,0.0,cleared,17
F00885,2026-03-04 01:40:00,127.0231,469,0,0,0.704195,0,0.007898,0,0.0,cleared,26
F00886,2026-03-04 01:45:00,201.6451,1998,2,0,0.554992,0,0.180668,0,0.0,cleared,28
F00887,2026-03-04 01:50:00,78.0173,2339,3,0,0.92789,0,0.05127,0,0.0,cleared,17
F00888,2026-03-04 01:55:00,35.2622,468,0,1,0.741128,0,0.030468,0,0.0,cleared,26
F00889,2026-03-04 02:00:00,44.8405,712,4,0,0.568221,1,0.028313,0,0.0,cleared,28
F00890,2026-03-04 02:05:00,26.61,2140,3,0,0.64814,0,0.033285,0,0.0,cleared,20
F00891,2026-03-04 02:10:00,21.6597,1914,1,0,0.767173,0,0.01004,0,0.0,cleared,26
F00892,2026-03-04 02:15:00,23.799,788,1,0,0.59463,1,0.022464,0,0.0,cleared,20
F00893,2026-03-04 02:20:00,9.2345,1865,1,0,0.761059,1,0.039415,0,0.0,cleared,27
F00894,2026-03-04 02:25:00,44.097,337,4,0,0.925042,0,0.023671,0,0.0,cleared,27
F00895,2026-03-04 02:30:00,16.1627,1235,4,1,0.673633,0,0.052855,0,0.0,cleared,30
F00896,2026-03-04 02:35:00,49.522,576,1,0,0.864128,1,0.02166,0,0.0,cleared,35
F00897,2026-03-04 02:40:00,7.725,1103,0,0,0.851313,0,0.004194,0,0.0,cleared,26
F00898,2026-03-04 02:45:00,63.937,590,1,0,0.525111,0,0.013059,1,50.3551,fraud_card,64
F00899,2026-03-04 02:50:00,45.2119,1559,1,0,0.964068,0,0.031376,0,0.0,cleared,27
F00900,2026-03-04 02:55:00,39.159,281,3,1,0.647491,1,0.127055,0,0.0,cleared,25
