ticket_id,created_at,channel,customer_tier,message_length,previous_tickets_30d,account_age_days,sentiment_score,billing_keyword,outage_active,triage_risk_score,escalated_within_48h,resolution_hours,final_satisfaction,manager_override
T00001,2026-01-01 00:00:00,chat,plus,62,0,2073,-0.486113,0,0,0.094863,0,18.0908,4.2922,0
T00002,2026-01-01 01:00:00,email,plus,102,2,1291,-0.960904,0,1,0.188305,0,6.9144,3.9902,0
T00003,2026-01-01 02:00:00,email,enterprise,210,3,1198,0.806054,0,0,0.138787,0,15.7225,4.1919,0
T00004,2026-01-01 03:00:00,chat,plus,591,1,430,0.46297,0,0,0.040726,0,8.0872,4.35,0
T00005,2026-01-01 04:00:00,email,basic,277,1,2112,-0.010792,1,0,0.053877,1,25.9717,2.9831,1
T00006,2026-01-01 05:00:00,chat,basic,180,2,994,-0.667479,1,0,0.268463,0,28.162,4.365,0
T00007,2026-01-01 06:00:00,phone,basic,360,2,335,0.221609,0,0,0.050339,0,16.0241,4.4677,0
T00008,2026-01-01 07:00:00,chat,basic,143,2,608,-0.919883,0,1,0.57184,0,12.6527,4.4917,0
T00009,2026-01-01 08:00:00,email,basic,300,1,1882,-0.518005,1,0,0.110647,0,4.3174,4.8419,0
T00010,2026-01-01 09:00:00,chat,enterprise,246,3,883,-0.774426,1,1,0.545587,1,32.7581,1.7894,0
T00011,2026-01-01 10:00:00,chat,basic,187,3,1370,0.422195,0,0,0.107043,0,7.8193,4.3657,0
T00012,2026-01-01 11:00:00,email,basic,268,3,223,0.202212,1,0,0.087393,0,5.6402,4.8599,0
T00013,2026-01-01 12:00:00,chat,basic,341,1,1560,0.656954,0,0,0.046519,0,1.2662,4.9545,0
T00014,2026-01-01 13:00:00,chat,basic,112,5,2120,0.911987,1,0,0.286386,1,33.4738,2.4838,0
T00015,2026-01-01 14:00:00,phone,plus,298,2,2022,0.495879,0,0,0.118534,0,9.0816,5.0,0
T00016,2026-01-01 15:00:00,phone,plus,203,0,1952,-0.949855,0,1,0.306524,0,5.3243,4.2688,0
T00017,2026-01-01 16:00:00,email,basic,144,1,1079,0.570237,0,0,0.031618,0,9.0737,5.0,0
T00018,2026-01-01 17:00:00,email,basic,273,1,157,-0.032441,1,0,0.078713,0,24.2392,4.8323,0
T00019,2026-01-01 18:00:00,chat,plus,697,4,1694,-0.021296,0,0,0.06037,0,11.5911,4.7664,0
T00020,2026-01-01 19:00:00,email,basic,104,3,642,-0.69823,0,0,0.172944,1,42.761,1.9381,1
T00021,2026-01-01 20:00:00,email,basic,68,1,173,0.076201,0,0,0.051284,0,26.872,3.4983,0
T00022,2026-01-01 21:00:00,email,plus,80,0,602,-0.340639,0,1,0.159566,0,7.5507,4.3893,0
T00023,2026-01-01 22:00:00,email,basic,502,1,872,0.962298,0,0,0.022548,0,1.0435,4.5344,0
T00024,2026-01-01 23:00:00,email,plus,305,2,959,-0.378126,0,0,0.133796,0,4.1137,4.3091,0
T00025,2026-01-02 00:00:00,email,basic,126,2,827,-0.045756,0,0,0.073565,0,21.1417,4.3797,0
T00026,2026-01-02 01:00:00,email,basic,302,2,966,-0.001939,0,0,0.188982,1,22.0016,2.0676,1
T00027,2026-01-02 02:00:00,email,basic,164,1,432,-0.033366,0,0,0.107028,0,13.0983,4.7505,0
T00028,2026-01-02 03:00:00,email,basic,156,2,1071,0.650807,1,0,0.127152,1,37.869,1.4128,1
T00029,2026-01-02 04:00:00,email,plus,414,0,124,0.960971,0,0,0.007042,0,10.6173,3.7343,0
T00030,2026-01-02 05:00:00,chat,plus,113,1,1432,-0.22483,0,0,0.090472,0,3.3789,4.4407,0
T00031,2026-01-02 06:00:00,chat,basic,114,1,231,0.585184,0,1,0.037361,0,3.7735,4.8117,0
T00032,2026-01-02 07:00:00,chat,enterprise,62,5,671,0.731562,0,0,0.181785,1,34.184,3.1271,1
T00033,2026-01-02 08:00:00,phone,basic,207,2,378,0.74059,0,0,0.066904,0,7.1972,4.6031,0
T00034,2026-01-02 09:00:00,email,basic,53,1,1663,-0.643416,0,0,0.132531,0,16.2016,4.1807,0
T00035,2026-01-02 10:00:00,email,enterprise,219,0,191,-0.061802,0,0,0.067299,0,10.4151,4.843,0
T00036,2026-01-02 11:00:00,email,basic,230,2,1521,0.231503,0,0,0.043565,0,2.0747,4.8994,0
T00037,2026-01-02 12:00:00,chat,plus,90,1,762,-0.502941,1,0,0.205373,0,11.417,4.686,0
T00038,2026-01-02 13:00:00,email,plus,147,0,1623,-0.896814,1,0,0.136952,0,4.9008,4.5959,0
T00039,2026-01-02 14:00:00,email,enterprise,193,1,161,-0.832003,0,0,0.319663,0,9.2142,3.9386,0
T00040,2026-01-02 15:00:00,chat,basic,105,0,639,-0.253074,0,0,0.242671,0,12.8832,3.7717,0
T00041,2026-01-02 16:00:00,phone,plus,89,1,1628,-0.228949,0,0,0.197081,0,2.6051,4.753,0
T00042,2026-01-02 17:00:00,chat,enterprise,282,2,561,-0.353147,0,0,0.129352,0,25.0239,4.3724,0
T00043,2026-01-02 18:00:00,email,basic,242,1,1106,0.698304,0,1,0.067497,0,3.0206,4.7005,0
T00044,2026-01-02 19:00:00,phone,basic,254,1,1536,0.572497,1,0,0.060563,0,9.8713,4.316,0
T00045,2026-01-02 20:00:00,email,plus,409,2,1497,-0.48212,0,0,0.221152,0,7.2033,4.8743,0
T00046,2026-01-02 21:00:00,chat,plus,173,0,385,0.744155,0,0,0.030768,0,29.9555,4.3951,0
T00047,2026-01-02 22:00:00,email,enterprise,86,2,533,-0.501576,0,0,0.068154,0,6.0144,4.9016,0
T00048,2026-01-02 23:00:00,email,basic,95,0,1536,-0.297082,0,0,0.036518,0,22.0824,4.4474,0
T00049,2026-01-03 00:00:00,phone,basic,412,2,1340,0.784915,0,1,0.030707,0,31.548,3.9898,0
T00050,2026-01-03 01:00:00,email,enterprise,516,1,328,-0.41468,0,0,0.045792,0,0.8499,5.0,0
T00051,2026-01-03 02:00:00,chat,plus,331,2,1332,-0.459767,0,0,0.101732,0,16.6131,3.8047,0
T00052,2026-01-03 03:00:00,email,plus,301,1,1675,-0.78886,0,0,0.027365,0,5.5193,4.3764,0
T00053,2026-01-03 04:00:00,phone,basic,147,1,379,-0.638814,1,1,0.600803,1,24.3166,2.9325,1
T00054,2026-01-03 05:00:00,email,plus,60,0,1563,0.435674,0,0,0.109245,0,16.0451,4.6029,0
T00055,2026-01-03 06:00:00,chat,enterprise,243,2,188,0.321734,0,0,0.029192,0,12.9665,4.7171,0
T00056,2026-01-03 07:00:00,chat,basic,192,0,1396,0.533627,1,0,0.04349,0,9.6081,5.0,0
T00057,2026-01-03 08:00:00,chat,plus,86,1,455,0.141555,0,0,0.051577,0,5.1834,4.8945,0
T00058,2026-01-03 09:00:00,chat,basic,214,2,2191,-0.113552,0,0,0.178714,0,13.8544,4.3267,0
T00059,2026-01-03 10:00:00,email,plus,237,3,399,-0.74135,1,0,0.095166,0,18.9781,4.0229,0
T00060,2026-01-03 11:00:00,email,basic,209,1,1205,-0.259225,0,0,0.095544,0,20.6935,4.0179,0
T00061,2026-01-03 12:00:00,email,basic,429,2,1041,0.420302,0,0,0.018505,0,9.4695,4.1672,0
T00062,2026-01-03 13:00:00,chat,basic,217,1,2106,-0.567376,0,1,0.124581,0,5.4943,4.543,0
T00063,2026-01-03 14:00:00,chat,basic,382,2,348,-0.357982,0,0,0.122558,0,10.1972,4.4539,0
T00064,2026-01-03 15:00:00,chat,basic,76,1,1818,0.434493,0,0,0.029405,0,12.1798,4.6921,0
T00065,2026-01-03 16:00:00,email,basic,259,1,896,-0.022376,0,1,0.105526,0,7.5148,4.9967,0
T00066,2026-01-03 17:00:00,email,basic,371,0,1271,-0.118842,0,0,0.043351,0,28.8387,3.7332,0
T00067,2026-01-03 18:00:00,email,plus,227,3,1811,-0.774347,0,0,0.244152,0,12.4666,4.6315,0
T00068,2026-01-03 19:00:00,phone,basic,194,1,1204,-0.805643,0,0,0.140279,0,13.748,4.4328,0
T00069,2026-01-03 20:00:00,email,plus,86,1,1988,0.279646,0,0,0.235154,0,2.9533,4.4232,0
T00070,2026-01-03 21:00:00,chat,enterprise,234,3,1486,0.755511,0,0,0.121955,0,12.1792,4.4673,0
T00071,2026-01-03 22:00:00,email,basic,272,1,1800,-0.731408,0,0,0.141681,0,8.001,4.9924,0
T00072,2026-01-03 23:00:00,phone,enterprise,221,0,722,-0.616957,0,1,0.348469,0,8.2307,4.8607,0
T00073,2026-01-04 00:00:00,email,basic,710,1,632,-0.465736,1,0,0.417553,0,4.6755,5.0,0
T00074,2026-01-04 01:00:00,phone,enterprise,171,2,1527,0.932457,0,0,0.119334,0,17.2268,3.8201,0
T00075,2026-01-04 02:00:00,email,basic,339,2,441,-0.678584,1,1,0.848887,1,23.8243,1.7463,1
T00076,2026-01-04 03:00:00,chat,enterprise,490,2,395,0.977828,1,0,0.113255,1,19.8527,2.5057,1
T00077,2026-01-04 04:00:00,email,basic,57,1,1401,-0.13813,0,0,0.279155,0,7.8743,3.9426,0
T00078,2026-01-04 05:00:00,email,plus,99,1,939,0.956536,0,0,0.05115,1,43.3144,2.4024,1
T00079,2026-01-04 06:00:00,email,basic,167,2,1484,0.326082,0,0,0.024108,0,1.7465,5.0,0
T00080,2026-01-04 07:00:00,email,plus,87,1,160,-0.676513,0,0,0.076317,0,3.7998,4.5505,0
T00081,2026-01-04 08:00:00,email,basic,167,1,1962,-0.082457,0,0,0.045933,0,14.7227,3.9092,0
T00082,2026-01-04 09:00:00,chat,plus,68,4,1229,-0.702042,0,0,0.04913,0,6.8147,4.5136,0
T00083,2026-01-04 10:00:00,email,plus,92,0,581,0.037096,0,0,0.039475,0,2.6803,4.4242,0
T00084,2026-01-04 11:00:00,chat,basic,161,1,66,0.589026,0,0,0.071759,0,9.1606,4.0685,0
T00085,2026-01-04 12:00:00,chat,plus,112,1,1055,-0.998185,0,0,0.281339,0,15.1153,3.7361,0
T00086,2026-01-04 13:00:00,chat,basic,232,1,1351,-0.218015,0,0,0.135536,0,15.1909,4.3472,0
T00087,2026-01-04 14:00:00,phone,plus,69,0,1168,0.06274,0,1,0.333546,0,8.8619,4.1157,0
T00088,2026-01-04 15:00:00,email,basic,157,1,2128,-0.837089,0,0,0.126119,0,5.5601,4.5909,0
T00089,2026-01-04 16:00:00,chat,basic,383,1,1212,-0.536941,1,0,0.160083,0,12.4106,4.605,0
T00090,2026-01-04 17:00:00,chat,plus,473,2,1452,-0.132951,0,0,0.1606,0,3.0768,4.9874,0
T00091,2026-01-04 18:00:00,email,basic,95,1,865,0.003809,0,0,0.070349,0,1.4878,4.1788,0
T00092,2026-01-04 19:00:00,chat,basic,95,1,1595,0.902339,0,0,0.015387,0,3.4641,5.0,0
T00093,2026-01-04 20:00:00,phone,basic,173,3,246,0.684964,0,0,0.030354,0,19.27,4.3266,0
T00094,2026-01-04 21:00:00,phone,basic,75,5,1174,0.716739,0,0,0.149139,0,11.2134,3.9308,0
T00095,2026-01-04 22:00:00,chat,basic,191,0,1047,-0.627573,1,0,0.145859,1,18.9663,3.1584,1
T00096,2026-01-04 23:00:00,chat,basic,426,0,1115,0.385226,0,0,0.102062,0,4.0375,4.5926,0
T00097,2026-01-05 00:00:00,email,plus,310,2,2145,-0.431448,0,0,0.169575,0,5.9248,4.0226,0
T00098,2026-01-05 01:00:00,chat,basic,122,1,1990,0.490568,0,0,0.12828,1,23.9541,2.9677,1
T00099,2026-01-05 02:00:00,email,plus,102,1,1677,-0.796775,0,0,0.161154,0,13.5137,4.7037,0
T00100,2026-01-05 03:00:00,chat,basic,83,3,512,-0.383002,0,1,0.301775,0,5.923,4.3905,0
T00101,2026-01-05 04:00:00,phone,enterprise,190,1,2147,-0.854263,0,0,0.385097,0,10.2041,4.1813,0
T00102,2026-01-05 05:00:00,phone,basic,268,0,1034,0.249341,0,1,0.17781,1,33.1064,2.671,1
T00103,2026-01-05 06:00:00,chat,plus,130,1,60,-0.846581,0,0,0.178431,0,4.3326,4.1273,0
T00104,2026-01-05 07:00:00,email,basic,75,2,1044,-0.052519,0,0,0.034565,0,5.0034,4.5056,0
T00105,2026-01-05 08:00:00,email,plus,120,1,585,0.570413,0,0,0.043455,0,20.1421,3.5421,0
T00106,2026-01-05 09:00:00,email,plus,250,3,171,0.789972,0,0,0.047422,0,1.0479,4.3351,0
T00107,2026-01-05 10:00:00,email,basic,25,1,1177,-0.007146,0,0,0.032035,0,8.6817,4.8995,0
T00108,2026-01-05 11:00:00,chat,plus,96,3,2150,-0.819389,0,0,0.29548,0,13.2398,4.9394,0
T00109,2026-01-05 12:00:00,email,basic,846,3,218,-0.706375,1,0,0.587709,1,21.8772,2.2225,1
T00110,2026-01-05 13:00:00,email,basic,231,0,1431,-0.739971,0,0,0.065773,0,10.3511,3.9421,0
T00111,2026-01-05 14:00:00,phone,basic,106,1,2021,0.639732,0,0,0.055369,0,6.5087,4.3558,0
T00112,2026-01-05 15:00:00,email,plus,291,1,707,0.532476,0,0,0.086409,0,12.4077,4.4472,0
T00113,2026-01-05 16:00:00,email,basic,155,3,809,0.494093,0,1,0.108947,0,15.3878,3.534,0
T00114,2026-01-05 17:00:00,email,basic,165,1,571,0.33918,0,0,0.060797,0,28.6984,3.3512,0
T00115,2026-01-05 18:00:00,chat,basic,73,0,2034,-0.002809,0,0,0.091696,0,1.7576,5.0,0
T00116,2026-01-05 19:00:00,email,basic,220,0,2144,-0.393672,0,0,0.043295,0,16.7499,4.7361,0
T00117,2026-01-05 20:00:00,email,basic,423,2,1142,-0.842905,0,0,0.170335,0,19.1907,4.9148,0
T00118,2026-01-05 21:00:00,chat,basic,363,0,218,-0.162945,0,0,0.023432,0,13.3485,3.7023,0
T00119,2026-01-05 22:00:00,phone,basic,47,1,2110,0.230936,0,0,0.033029,0,19.0298,3.7405,0
T00120,2026-01-05 23:00:00,chat,basic,63,1,72,0.10317,0,1,0.12055,1,24.1857,2.9492,1
T00121,2026-01-06 00:00:00,email,plus,182,1,297,0.100717,1,0,0.399118,0,15.6005,4.4397,0
T00122,2026-01-06 01:00:00,chat,plus,121,2,1610,-0.530951,0,0,0.192846,0,5.3471,4.3521,0
T00123,2026-01-06 02:00:00,phone,basic,211,1,1537,-0.296398,1,0,0.071094,0,15.1651,5.0,0
T00124,2026-01-06 03:00:00,chat,basic,168,3,504,-0.462588,1,0,0.292692,0,9.8305,4.112,0
T00125,2026-01-06 04:00:00,email,basic,251,1,1112,0.552756,0,0,0.04172,0,6.928,4.4493,0
T00126,2026-01-06 05:00:00,chat,basic,331,2,1813,-0.740437,1,0,0.41016,0,18.8079,4.4906,0
T00127,2026-01-06 06:00:00,phone,enterprise,568,2,981,0.138897,0,0,0.12416,0,10.5751,4.4801,0
T00128,2026-01-06 07:00:00,chat,basic,265,4,843,0.739191,0,0,0.051651,0,7.3948,3.9993,0
T00129,2026-01-06 08:00:00,phone,plus,128,1,2127,-0.620798,0,0,0.088163,0,16.0336,3.9441,0
T00130,2026-01-06 09:00:00,email,basic,170,2,1120,0.591178,0,0,0.039621,0,2.6554,5.0,0
T00131,2026-01-06 10:00:00,chat,basic,387,1,1106,-0.325676,0,0,0.047103,0,14.2066,3.6538,0
T00132,2026-01-06 11:00:00,chat,basic,62,3,1098,0.437445,0,0,0.046261,0,42.3774,2.9445,0
T00133,2026-01-06 12:00:00,chat,plus,113,2,1344,0.499608,1,0,0.119474,0,1.3801,5.0,0
T00134,2026-01-06 13:00:00,email,plus,111,0,1356,-0.987812,0,0,0.090463,1,24.2972,2.4667,1
T00135,2026-01-06 14:00:00,chat,basic,334,1,2021,-0.622774,0,0,0.133981,0,9.302,4.3157,0
T00136,2026-01-06 15:00:00,chat,basic,99,3,471,-0.500374,0,0,0.127529,0,7.4842,3.2815,0
T00137,2026-01-06 16:00:00,chat,plus,301,0,1542,0.673784,0,0,0.036357,0,3.4656,4.4811,0
T00138,2026-01-06 17:00:00,chat,plus,172,3,2088,0.267584,0,0,0.067949,0,6.0851,4.7927,0
T00139,2026-01-06 18:00:00,email,basic,93,1,26,0.603406,1,0,0.070238,0,2.9903,4.3469,0
T00140,2026-01-06 19:00:00,email,basic,328,1,1027,-0.056895,0,1,0.228377,0,8.2357,4.644,0
T00141,2026-01-06 20:00:00,chat,plus,82,1,134,-0.130263,0,0,0.037724,0,24.7562,3.3615,0
T00142,2026-01-06 21:00:00,chat,plus,153,0,1459,0.689273,0,0,0.061711,0,10.8318,4.761,0
T00143,2026-01-06 22:00:00,email,plus,86,1,1914,-0.892695,0,0,0.153022,0,10.2842,4.2912,0
T00144,2026-01-06 23:00:00,chat,plus,212,1,333,0.207469,0,0,0.022247,0,15.8594,4.2229,0
T00145,2026-01-07 00:00:00,email,plus,109,1,957,-0.057221,1,0,0.137643,0,5.6539,4.1453,0
T00146,2026-01-07 01:00:00,chat,basic,203,0,337,0.712468,0,0,0.039639,0,7.285,2.8678,0
T00147,2026-01-07 02:00:00,chat,plus,141,1,1973,-0.355394,1,0,0.314592,0,23.0344,4.8393,0
T00148,2026-01-07 03:00:00,email,enterprise,141,3,1931,0.275907,0,0,0.084766,0,20.6588,4.0207,0
T00149,2026-01-07 04:00:00,email,basic,89,1,1275,0.217483,0,0,0.041733,0,9.5203,5.0,0
T00150,2026-01-07 05:00:00,email,basic,456,1,1537,-0.661901,0,0,0.190974,0,13.811,4.4328,0
T00151,2026-01-07 06:00:00,phone,plus,133,2,294,-0.027253,0,0,0.062075,0,16.99,5.0,0
T00152,2026-01-07 07:00:00,phone,enterprise,268,2,108,0.80858,0,0,0.069994,0,8.1431,3.5461,0
T00153,2026-01-07 08:00:00,email,plus,118,1,518,-0.709179,1,0,0.319006,0,6.4405,4.3642,0
T00154,2026-01-07 09:00:00,chat,plus,301,2,681,-0.229546,0,0,0.052545,0,8.4687,4.4854,0
T00155,2026-01-07 10:00:00,email,basic,139,1,1567,-0.24246,0,0,0.105456,0,7.8325,4.6252,0
T00156,2026-01-07 11:00:00,phone,plus,126,1,612,0.500437,1,0,0.183917,0,2.3235,4.8718,0
T00157,2026-01-07 12:00:00,chat,plus,140,0,87,0.385158,0,0,0.010916,0,22.0029,4.6608,0
T00158,2026-01-07 13:00:00,chat,basic,557,2,1533,-0.937024,1,0,0.429217,0,1.2925,5.0,0
T00159,2026-01-07 14:00:00,email,basic,56,2,1738,-0.514812,1,0,0.446993,0,21.5104,3.9782,0
T00160,2026-01-07 15:00:00,email,basic,182,1,337,-0.010752,0,0,0.065587,0,14.4758,4.1645,0
T00161,2026-01-07 16:00:00,email,basic,340,1,2057,0.12667,0,0,0.066092,0,12.3007,4.8195,0
T00162,2026-01-07 17:00:00,chat,basic,140,0,1031,-0.531555,1,0,0.05383,0,3.3917,4.5983,0
T00163,2026-01-07 18:00:00,email,plus,126,2,2046,-0.474149,0,0,0.376225,0,3.7801,4.7728,0
T00164,2026-01-07 19:00:00,chat,basic,292,1,428,0.627936,0,0,0.059311,0,8.5389,5.0,0
T00165,2026-01-07 20:00:00,chat,plus,205,3,1354,0.259281,0,0,0.091032,0,16.1164,4.1168,0
T00166,2026-01-07 21:00:00,email,basic,487,6,603,0.491874,0,0,0.0961,0,8.0336,5.0,0
T00167,2026-01-07 22:00:00,chat,plus,181,1,317,0.518385,1,0,0.089251,0,21.1896,4.5719,0
T00168,2026-01-07 23:00:00,phone,basic,132,2,2047,0.371779,0,0,0.182491,0,9.588,5.0,0
T00169,2026-01-08 00:00:00,chat,basic,188,1,735,0.954395,0,0,0.046099,0,11.181,4.0358,0
T00170,2026-01-08 01:00:00,chat,basic,168,1,2044,-0.990745,1,0,0.058198,0,34.0434,3.7133,0
T00171,2026-01-08 02:00:00,email,basic,250,2,826,0.943737,0,0,0.027081,0,12.4313,4.5285,0
T00172,2026-01-08 03:00:00,email,basic,417,0,1101,-0.881547,0,0,0.176321,0,16.3573,4.0782,0
T00173,2026-01-08 04:00:00,email,basic,151,0,1736,0.363022,1,0,0.132015,0,5.7852,4.5761,0
T00174,2026-01-08 05:00:00,email,basic,335,1,1959,0.873802,1,0,0.038999,0,8.9836,4.5975,0
T00175,2026-01-08 06:00:00,chat,plus,158,1,542,-0.147949,1,0,0.241408,0,15.0043,4.5608,0
T00176,2026-01-08 07:00:00,phone,plus,168,2,1738,0.021539,0,0,0.04961,0,14.0363,3.6267,0
T00177,2026-01-08 08:00:00,email,plus,157,1,1656,-0.271779,0,1,0.229161,1,39.0494,2.5257,1
T00178,2026-01-08 09:00:00,chat,basic,451,0,274,0.020397,0,0,0.055411,0,18.2178,3.837,0
T00179,2026-01-08 10:00:00,email,basic,250,2,2122,-0.047439,0,0,0.031364,0,7.0445,4.4674,0
T00180,2026-01-08 11:00:00,chat,basic,128,3,848,0.859787,1,1,0.295954,1,30.9515,2.9731,1
T00181,2026-01-08 12:00:00,email,plus,248,0,1577,-0.057508,0,0,0.127141,0,9.2733,3.7353,0
T00182,2026-01-08 13:00:00,chat,basic,109,3,1659,-0.662488,0,0,0.132682,0,3.4526,5.0,0
T00183,2026-01-08 14:00:00,chat,basic,141,2,876,0.603106,0,0,0.044044,0,2.9173,4.9845,0
T00184,2026-01-08 15:00:00,chat,basic,232,1,563,0.07359,0,0,0.055688,0,1.9572,5.0,0
T00185,2026-01-08 16:00:00,email,enterprise,323,2,1954,0.231376,1,0,0.314618,0,17.3623,4.2385,0
T00186,2026-01-08 17:00:00,email,basic,204,3,1087,0.001191,0,0,0.077173,0,5.0953,4.0027,0
T00187,2026-01-08 18:00:00,email,plus,116,3,866,0.562717,0,0,0.094183,0,14.095,4.5057,0
T00188,2026-01-08 19:00:00,email,basic,185,1,2145,-0.296747,0,0,0.060031,0,3.15,4.4948,0
T00189,2026-01-08 20:00:00,email,basic,187,2,780,0.436133,0,0,0.031072,0,7.9499,4.558,0
T00190,2026-01-08 21:00:00,chat,basic,94,4,108,0.258607,1,0,0.04368,0,22.6219,3.5054,0
T00191,2026-01-08 22:00:00,email,basic,244,1,890,-0.245017,0,0,0.02393,0,4.8269,4.2832,0
T00192,2026-01-08 23:00:00,email,plus,189,2,114,-0.920143,0,0,0.124753,0,7.0141,4.4616,0
T00193,2026-01-09 00:00:00,email,enterprise,151,1,786,0.938028,0,0,0.03144,0,16.1367,4.4741,0
T00194,2026-01-09 01:00:00,chat,basic,136,1,1053,-0.270502,0,0,0.187995,1,22.097,3.0344,1
T00195,2026-01-09 02:00:00,email,basic,296,2,501,0.156962,0,0,0.139497,0,5.3105,4.8017,0
T00196,2026-01-09 03:00:00,email,basic,71,1,92,-0.227253,0,0,0.075993,0,21.2898,3.6383,0
T00197,2026-01-09 04:00:00,email,basic,92,1,650,0.016918,0,0,0.028635,0,4.9547,4.4472,0
T00198,2026-01-09 05:00:00,email,basic,261,1,1474,-0.094448,0,0,0.270049,0,4.5967,3.8765,0
T00199,2026-01-09 06:00:00,email,basic,98,0,1127,0.773099,0,0,0.030969,0,3.9164,4.2735,0
T00200,2026-01-09 07:00:00,email,basic,124,1,629,0.039719,0,1,0.147169,0,8.2462,5.0,0
T00201,2026-01-09 08:00:00,email,basic,70,2,2148,-0.192054,0,1,0.612883,0,16.4145,5.0,0
T00202,2026-01-09 09:00:00,email,basic,416,1,683,0.987931,0,0,0.026743,0,9.5022,5.0,0
T00203,2026-01-09 10:00:00,chat,plus,312,4,2061,-0.716867,0,0,0.127861,0,3.0941,4.4624,0
T00204,2026-01-09 11:00:00,email,basic,158,2,752,0.8652,0,0,0.063529,0,4.8761,3.9817,0
T00205,2026-01-09 12:00:00,phone,plus,271,0,1846,0.840861,0,0,0.067263,0,7.6398,4.7856,0
T00206,2026-01-09 13:00:00,chat,basic,152,1,277,-0.674771,0,0,0.245246,0,4.968,4.3718,0
T00207,2026-01-09 14:00:00,phone,plus,208,3,796,-0.181606,0,0,0.192245,0,5.9314,4.6657,0
T00208,2026-01-09 15:00:00,email,basic,473,3,1653,0.425825,0,0,0.137749,0,6.3708,4.8221,0
T00209,2026-01-09 16:00:00,email,basic,210,2,2089,-0.331469,0,1,0.157591,1,25.7124,2.1771,1
T00210,2026-01-09 17:00:00,email,plus,90,1,1527,-0.165409,0,0,0.139756,0,2.1455,5.0,0
T00211,2026-01-09 18:00:00,email,plus,313,2,844,-0.362649,0,0,0.138531,0,1.7062,4.9437,0
T00212,2026-01-09 19:00:00,chat,enterprise,561,1,1405,-0.667822,1,0,0.406,0,32.6205,3.5654,0
T00213,2026-01-09 20:00:00,email,basic,390,2,453,-0.645034,0,0,0.141584,0,8.409,4.9317,0
T00214,2026-01-09 21:00:00,chat,basic,234,0,285,0.40519,0,0,0.017007,1,23.8134,3.4199,0
T00215,2026-01-09 22:00:00,chat,basic,67,0,606,-0.771341,0,0,0.130562,0,16.1626,4.8916,0
T00216,2026-01-09 23:00:00,phone,basic,161,2,1909,0.480729,0,0,0.033822,0,15.9327,4.1181,0
T00217,2026-01-10 00:00:00,phone,enterprise,643,1,2008,-0.98809,1,0,0.615023,1,17.9259,3.4795,1
T00218,2026-01-10 01:00:00,email,enterprise,310,2,1256,0.541032,0,0,0.143184,0,4.3118,3.9137,0
T00219,2026-01-10 02:00:00,chat,basic,88,0,236,-0.130623,0,0,0.052923,1,19.9573,2.6991,1
T00220,2026-01-10 03:00:00,email,basic,112,0,1174,0.426801,0,0,0.087311,0,18.2794,4.8293,0
T00221,2026-01-10 04:00:00,chat,plus,172,1,280,-0.100551,0,0,0.113392,0,12.2064,3.8504,0
T00222,2026-01-10 05:00:00,chat,basic,247,4,53,-0.459666,0,1,0.189375,0,6.9908,4.1421,0
T00223,2026-01-10 06:00:00,email,enterprise,365,1,1940,-0.942128,0,1,0.449401,1,43.7494,1.5911,1
T00224,2026-01-10 07:00:00,chat,basic,210,2,457,-0.011388,0,0,0.053498,0,9.2686,4.3255,0
T00225,2026-01-10 08:00:00,chat,enterprise,234,3,1833,-0.070933,1,0,0.244226,0,9.0786,4.3381,0
T00226,2026-01-10 09:00:00,chat,basic,217,0,1643,-0.919592,0,1,0.408604,0,4.9273,4.4697,0
T00227,2026-01-10 10:00:00,email,basic,148,1,1284,0.106668,0,0,0.030999,0,5.9349,5.0,0
T00228,2026-01-10 11:00:00,chat,basic,152,6,2097,-0.202769,1,0,0.125612,0,13.9569,4.3241,0
T00229,2026-01-10 12:00:00,chat,plus,408,1,1813,0.554764,1,0,0.046391,0,7.3273,4.8484,0
T00230,2026-01-10 13:00:00,email,plus,207,1,1805,-0.82541,1,0,0.44998,0,10.5588,4.9443,0
T00231,2026-01-10 14:00:00,email,enterprise,1373,1,606,0.438858,0,0,0.146715,0,11.1885,4.281,0
T00232,2026-01-10 15:00:00,phone,enterprise,187,3,374,0.547179,0,0,0.084149,0,3.2599,4.7152,0
T00233,2026-01-10 16:00:00,email,enterprise,182,0,1353,0.830422,1,0,0.10329,0,4.8893,4.8881,0
T00234,2026-01-10 17:00:00,email,enterprise,128,4,50,0.588192,0,0,0.124966,1,31.3822,2.323,1
T00235,2026-01-10 18:00:00,email,basic,747,2,573,-0.507013,0,0,0.123834,1,21.5968,2.7098,0
T00236,2026-01-10 19:00:00,chat,enterprise,215,3,1029,0.993411,1,0,0.066703,1,34.732,2.1696,0
T00237,2026-01-10 20:00:00,phone,plus,380,2,870,-0.297889,0,0,0.119014,0,6.373,4.5584,0
T00238,2026-01-10 21:00:00,email,basic,194,1,2168,0.047974,0,0,0.026421,0,1.385,4.737,0
T00239,2026-01-10 22:00:00,email,plus,400,1,301,-0.899261,0,0,0.079325,0,1.1787,4.2381,0
T00240,2026-01-10 23:00:00,email,plus,48,2,100,-0.801841,0,0,0.115405,0,14.6399,4.4025,0
T00241,2026-01-11 00:00:00,chat,basic,181,1,1087,0.762797,0,0,0.027262,0,2.7652,4.9268,0
T00242,2026-01-11 01:00:00,chat,enterprise,262,4,185,-0.345546,0,0,0.202216,1,33.262,2.4648,1
T00243,2026-01-11 02:00:00,email,plus,106,0,1413,-0.85473,0,0,0.133513,1,24.6988,2.771,1
T00244,2026-01-11 03:00:00,email,basic,219,1,1632,-0.772125,0,0,0.195228,0,5.2799,4.3577,0
T00245,2026-01-11 04:00:00,chat,basic,183,2,46,-0.352194,0,0,0.216605,0,7.3371,5.0,0
T00246,2026-01-11 05:00:00,email,plus,391,1,1175,0.597606,0,0,0.090436,0,22.05,2.9675,0
T00247,2026-01-11 06:00:00,email,plus,117,4,1142,0.159223,0,0,0.1015,0,13.3398,4.3992,0
T00248,2026-01-11 07:00:00,email,basic,146,0,823,-0.360108,0,0,0.10114,0,45.3054,3.2804,0
T00249,2026-01-11 08:00:00,email,plus,256,1,1297,-0.728393,0,0,0.123463,0,5.8772,4.5923,0
T00250,2026-01-11 09:00:00,email,basic,132,1,995,0.210851,0,0,0.027198,0,13.8306,3.7834,0
T00251,2026-01-11 10:00:00,email,plus,174,4,356,0.274163,0,0,0.17578,0,16.3501,4.4065,0
T00252,2026-01-11 11:00:00,chat,plus,103,1,1682,-0.9109,0,0,0.162677,1,20.8865,2.6159,1
T00253,2026-01-11 12:00:00,phone,basic,162,2,1416,0.013628,0,0,0.20075,0,8.9499,4.4107,0
T00254,2026-01-11 13:00:00,email,basic,268,2,1952,0.261263,0,0,0.031649,0,16.635,4.9476,0
T00255,2026-01-11 14:00:00,email,enterprise,272,1,755,0.520271,0,0,0.049625,0,17.6773,4.3286,0
T00256,2026-01-11 15:00:00,chat,basic,74,3,1177,0.140831,1,0,0.156151,0,7.4341,4.883,0
T00257,2026-01-11 16:00:00,chat,basic,245,1,390,-0.195478,0,0,0.062649,0,16.7778,4.2883,0
T00258,2026-01-11 17:00:00,email,plus,178,2,2150,0.344537,0,0,0.022773,0,1.5423,4.8857,0
T00259,2026-01-11 18:00:00,phone,plus,108,1,332,-0.636355,1,0,0.469821,1,25.8558,2.3529,1
T00260,2026-01-11 19:00:00,email,plus,94,0,184,-0.07827,0,0,0.103379,0,10.8524,4.5387,0
T00261,2026-01-11 20:00:00,phone,basic,187,1,1478,0.063817,1,0,0.195639,0,10.8473,4.931,0
T00262,2026-01-11 21:00:00,email,plus,954,2,1283,0.476815,1,0,0.083121,0,29.0681,4.5494,0
T00263,2026-01-11 22:00:00,email,plus,253,2,1621,0.893571,0,0,0.101979,0,9.9024,3.7358,0
T00264,2026-01-11 23:00:00,chat,basic,86,0,2090,-0.106622,0,0,0.065652,0,4.2987,4.8201,0
T00265,2026-01-12 00:00:00,email,basic,162,3,83,0.643717,0,0,0.150239,0,12.227,4.174,0
T00266,2026-01-12 01:00:00,chat,basic,322,1,1244,-0.805736,0,0,0.171459,0,5.5774,4.5175,0
T00267,2026-01-12 02:00:00,chat,basic,220,0,1364,0.052778,0,0,0.095096,0,3.4548,4.6455,0
T00268,2026-01-12 03:00:00,chat,plus,274,2,585,-0.994186,0,0,0.170728,0,11.5794,4.7419,0
T00269,2026-01-12 04:00:00,phone,plus,306,4,592,-0.620231,0,0,0.534804,0,4.5826,4.8168,0
T00270,2026-01-12 05:00:00,chat,basic,260,1,103,0.363576,0,0,0.035497,1,27.0617,3.7839,1
T00271,2026-01-12 06:00:00,email,enterprise,213,2,404,0.39761,0,0,0.207295,0,11.8401,4.5991,0
T00272,2026-01-12 07:00:00,email,basic,193,0,1725,-0.115914,0,0,0.094291,0,5.4631,4.8934,0
T00273,2026-01-12 08:00:00,phone,plus,63,0,1695,0.676227,0,0,0.092848,0,5.4744,5.0,0
T00274,2026-01-12 09:00:00,email,basic,190,1,307,0.49709,0,0,0.014698,0,4.3721,5.0,0
T00275,2026-01-12 10:00:00,chat,plus,137,3,660,0.786731,0,0,0.032971,0,6.4538,4.5713,0
T00276,2026-01-12 11:00:00,email,basic,243,1,1087,0.852512,0,1,0.050029,1,30.4471,2.8189,1
T00277,2026-01-12 12:00:00,chat,basic,112,1,1051,-0.078686,0,0,0.073821,0,11.5181,4.6708,0
T00278,2026-01-12 13:00:00,email,basic,107,0,149,-0.735721,0,1,0.435575,0,7.7635,4.6172,0
T00279,2026-01-12 14:00:00,chat,basic,68,3,100,0.183641,0,0,0.060913,0,6.4422,4.5318,0
T00280,2026-01-12 15:00:00,email,basic,125,0,1498,-0.77832,0,1,0.390342,1,26.9763,2.8459,1
T00281,2026-01-12 16:00:00,email,basic,117,2,1737,-0.13909,0,0,0.088168,0,2.9757,4.1557,0
T00282,2026-01-12 17:00:00,phone,basic,74,0,357,0.031803,1,0,0.116585,0,5.3567,4.8251,0
T00283,2026-01-12 18:00:00,chat,basic,582,1,741,0.4447,0,0,0.019264,0,2.8211,4.4264,0
T00284,2026-01-12 19:00:00,phone,basic,235,2,466,0.760208,0,0,0.105838,0,10.2865,4.8935,0
T00285,2026-01-12 20:00:00,chat,basic,120,4,1255,-0.069197,0,1,0.251922,1,41.1271,1.9736,0
T00286,2026-01-12 21:00:00,email,plus,64,1,1765,0.061039,1,0,0.173035,0,19.3108,4.2569,0
T00287,2026-01-12 22:00:00,email,basic,324,0,273,0.005771,0,0,0.071453,0,5.0754,4.6299,0
T00288,2026-01-12 23:00:00,phone,enterprise,144,3,1117,-0.800845,0,0,0.320869,0,7.9508,4.6305,0
T00289,2026-01-13 00:00:00,email,plus,280,2,280,0.095863,0,0,0.18927,0,15.625,5.0,0
T00290,2026-01-13 01:00:00,email,enterprise,153,0,477,-0.104707,0,0,0.102774,0,10.1506,4.0986,0
T00291,2026-01-13 02:00:00,phone,plus,214,1,874,0.2769,1,0,0.055167,0,7.7684,4.0913,0
T00292,2026-01-13 03:00:00,email,basic,59,0,915,-0.132733,1,1,0.165943,0,10.216,5.0,0
T00293,2026-01-13 04:00:00,chat,plus,134,1,1197,0.622196,0,0,0.056855,0,12.4597,4.6093,0
T00294,2026-01-13 05:00:00,chat,plus,186,4,1376,0.623607,0,0,0.035519,0,11.9482,4.4733,0
T00295,2026-01-13 06:00:00,email,plus,160,1,1068,-0.189204,1,0,0.43311,0,9.7292,4.3028,0
T00296,2026-01-13 07:00:00,email,basic,204,1,1677,-0.04178,0,0,0.10586,0,5.417,4.5952,0
T00297,2026-01-13 08:00:00,email,basic,122,1,1080,-0.706597,0,0,0.059143,0,15.2073,4.6351,0
T00298,2026-01-13 09:00:00,email,plus,51,1,1521,-0.767102,0,0,0.180662,0,21.3735,4.5584,0
T00299,2026-01-13 10:00:00,email,enterprise,366,1,1273,-0.646257,0,0,0.188348,0,8.365,5.0,0
T00300,2026-01-13 11:00:00,chat,enterprise,201,2,1672,0.188194,0,0,0.151694,0,1.0039,4.3551,0
T00301,2026-01-13 12:00:00,email,basic,102,1,1180,-0.245896,0,0,0.046207,0,4.3191,3.7824,0
T00302,2026-01-13 13:00:00,phone,plus,116,1,245,0.120336,0,0,0.092704,0,8.8116,4.9699,0
T00303,2026-01-13 14:00:00,phone,basic,293,0,568,-0.217469,0,0,0.201488,0,7.2136,4.6626,0
T00304,2026-01-13 15:00:00,email,enterprise,128,4,1444,-0.301627,1,0,0.319274,0,13.3412,4.64,0
T00305,2026-01-13 16:00:00,chat,basic,423,2,2068,0.605176,0,0,0.095574,0,15.9021,4.8083,0
T00306,2026-01-13 17:00:00,phone,basic,242,1,1675,-0.688738,0,0,0.103389,0,2.7589,4.3509,0
T00307,2026-01-13 18:00:00,email,basic,103,1,1342,0.084266,0,0,0.050204,0,7.0908,4.0942,0
T00308,2026-01-13 19:00:00,email,basic,42,1,1809,0.694937,0,0,0.048957,0,15.2758,4.4275,0
T00309,2026-01-13 20:00:00,chat,basic,351,3,2145,0.5425,1,0,0.107031,0,9.4253,4.4701,0
T00310,2026-01-13 21:00:00,email,basic,286,1,162,-0.922854,0,0,0.141719,0,19.7233,4.6052,0
T00311,2026-01-13 22:00:00,email,plus,130,0,1950,0.215012,1,0,0.072696,0,0.8047,5.0,0
T00312,2026-01-13 23:00:00,chat,basic,307,3,1522,0.732275,0,0,0.057689,0,12.7458,4.7346,0
T00313,2026-01-14 00:00:00,email,enterprise,295,2,1609,-0.573059,0,0,0.167997,0,11.3233,3.7079,0
T00314,2026-01-14 01:00:00,phone,basic,121,1,2143,0.569979,1,0,0.083744,0,22.3843,3.7806,0
T00315,2026-01-14 02:00:00,chat,enterprise,70,2,1586,0.334736,0,0,0.14399,0,5.4616,4.1326,0
T00316,2026-01-14 03:00:00,chat,basic,209,3,310,0.149508,0,0,0.064299,0,4.667,4.5574,0
T00317,2026-01-14 04:00:00,chat,plus,87,0,189,0.089933,0,0,0.029351,0,9.6684,4.8883,0
T00318,2026-01-14 05:00:00,email,basic,178,1,427,0.974493,1,0,0.025355,0,17.5359,3.815,0
T00319,2026-01-14 06:00:00,email,enterprise,80,1,401,-0.386447,0,0,0.062601,1,27.1756,2.6325,1
T00320,2026-01-14 07:00:00,email,basic,335,2,354,-0.325267,0,0,0.052914,0,3.0263,4.5393,0
T00321,2026-01-14 08:00:00,email,basic,211,0,559,-0.888821,0,0,0.106295,0,4.7612,3.9278,0
T00322,2026-01-14 09:00:00,phone,enterprise,77,3,1223,-0.770498,0,0,0.445216,0,14.3659,4.0136,0
T00323,2026-01-14 10:00:00,chat,plus,318,1,1417,0.406696,1,0,0.057964,0,11.8771,4.5814,0
T00324,2026-01-14 11:00:00,chat,basic,381,1,462,-0.377899,0,0,0.048242,0,6.9965,5.0,0
T00325,2026-01-14 12:00:00,email,plus,257,1,560,-0.878014,1,0,0.121368,0,5.5136,4.4195,0
T00326,2026-01-14 13:00:00,chat,basic,116,1,1947,0.545315,0,0,0.021842,0,14.7521,5.0,0
T00327,2026-01-14 14:00:00,chat,basic,434,1,909,0.479609,1,0,0.043982,0,19.5735,4.0661,0
T00328,2026-01-14 15:00:00,chat,plus,213,1,623,-0.534013,1,0,0.307734,0,5.7437,4.4622,0
T00329,2026-01-14 16:00:00,chat,plus,80,2,78,0.875738,0,0,0.094523,0,7.1285,4.8895,0
T00330,2026-01-14 17:00:00,email,enterprise,336,3,2026,-0.05735,0,0,0.159101,0,14.7895,4.1524,0
T00331,2026-01-14 18:00:00,chat,basic,51,3,2017,0.357502,0,0,0.054106,0,6.0567,4.6776,0
T00332,2026-01-14 19:00:00,email,basic,217,1,1974,0.990599,0,0,0.029347,0,9.1358,4.5784,0
T00333,2026-01-14 20:00:00,email,basic,152,2,325,0.689295,0,0,0.050933,0,5.9518,4.8486,0
T00334,2026-01-14 21:00:00,chat,basic,310,2,1176,0.953489,0,0,0.017659,0,1.9379,5.0,0
T00335,2026-01-14 22:00:00,email,basic,93,1,2198,-0.257065,0,0,0.075245,0,1.7881,3.9349,0
T00336,2026-01-14 23:00:00,chat,plus,871,2,847,-0.476451,1,0,0.110917,0,15.4393,4.4586,0
T00337,2026-01-15 00:00:00,email,plus,83,1,294,0.604345,1,0,0.036779,0,4.4672,4.5416,0
T00338,2026-01-15 01:00:00,email,basic,145,4,1297,-0.885484,0,0,0.252873,0,20.0788,5.0,0
T00339,2026-01-15 02:00:00,chat,plus,266,3,855,0.859738,0,0,0.067728,0,4.508,4.0342,0
T00340,2026-01-15 03:00:00,email,basic,152,0,1584,-0.422839,1,0,0.312475,0,13.1574,3.915,0
T00341,2026-01-15 04:00:00,chat,plus,180,3,2014,0.851296,0,0,0.16119,0,11.5737,4.4813,0
T00342,2026-01-15 05:00:00,chat,plus,405,0,913,0.306902,0,0,0.076803,0,8.4265,3.2706,0
T00343,2026-01-15 06:00:00,email,enterprise,277,3,2177,-0.238708,1,0,0.122387,1,34.5493,1.8789,0
T00344,2026-01-15 07:00:00,chat,plus,317,2,256,-0.291634,0,0,0.330714,0,24.6036,4.3214,0
T00345,2026-01-15 08:00:00,chat,plus,120,0,2132,-0.131945,1,0,0.291848,0,3.3286,4.2271,0
T00346,2026-01-15 09:00:00,chat,basic,914,1,2151,0.584972,0,0,0.026561,0,1.8778,4.788,0
T00347,2026-01-15 10:00:00,email,enterprise,616,1,613,-0.747263,1,0,0.321503,1,24.6904,3.25,0
T00348,2026-01-15 11:00:00,email,basic,534,0,32,0.029201,1,0,0.094985,0,3.1104,5.0,0
T00349,2026-01-15 12:00:00,chat,enterprise,225,2,1819,-0.897014,0,0,0.101009,0,14.1839,4.3756,0
T00350,2026-01-15 13:00:00,email,basic,178,0,679,-0.702812,0,0,0.057943,0,14.7552,4.1146,0
T00351,2026-01-15 14:00:00,chat,plus,160,2,951,-0.713579,0,0,0.161092,0,2.6244,4.7793,0
T00352,2026-01-15 15:00:00,email,basic,241,1,93,0.808311,0,0,0.025777,0,21.553,3.7107,0
T00353,2026-01-15 16:00:00,email,basic,311,0,175,0.197692,0,0,0.046464,0,2.7521,4.2438,0
T00354,2026-01-15 17:00:00,email,enterprise,252,2,1003,-0.474136,0,0,0.086692,0,17.1026,4.6192,0
T00355,2026-01-15 18:00:00,chat,plus,86,1,1839,0.070846,0,1,0.124707,1,26.4868,3.1973,1
T00356,2026-01-15 19:00:00,email,basic,200,0,1496,0.837565,1,0,0.012555,0,21.602,4.4047,0
T00357,2026-01-15 20:00:00,email,basic,193,0,174,-0.77458,0,0,0.099026,0,12.6077,3.9669,0
T00358,2026-01-15 21:00:00,email,enterprise,241,3,1181,-0.149062,0,0,0.067162,0,6.8076,4.1367,0
T00359,2026-01-15 22:00:00,email,plus,183,1,1383,-0.990591,1,0,0.290415,0,6.4366,4.8315,0
T00360,2026-01-15 23:00:00,chat,basic,111,0,1765,-0.170744,0,0,0.126827,0,4.2026,4.8253,0
T00361,2026-01-16 00:00:00,chat,basic,277,2,447,-0.503222,0,0,0.111582,0,26.8637,4.1039,0
T00362,2026-01-16 01:00:00,chat,basic,533,1,1236,0.067559,0,0,0.075846,0,3.4173,4.0259,0
T00363,2026-01-16 02:00:00,phone,plus,217,2,1486,-0.906832,0,0,0.486268,0,19.1567,3.9737,0
T00364,2026-01-16 03:00:00,chat,enterprise,125,5,1373,-0.112044,0,0,0.331718,1,22.2542,2.8387,1
T00365,2026-01-16 04:00:00,email,basic,254,0,234,0.28917,0,0,0.046936,0,3.448,4.6439,0
T00366,2026-01-16 05:00:00,email,plus,162,0,1552,0.66412,1,0,0.116983,0,10.3329,5.0,0
T00367,2026-01-16 06:00:00,email,basic,139,0,624,0.905877,0,0,0.00691,0,24.3831,3.3779,0
T00368,2026-01-16 07:00:00,email,plus,140,3,219,0.541355,0,0,0.047403,0,3.8071,4.6038,0
T00369,2026-01-16 08:00:00,email,basic,336,1,1729,-0.26924,0,0,0.046589,1,24.844,3.3737,1
T00370,2026-01-16 09:00:00,phone,basic,364,1,859,0.84402,0,0,0.03029,0,9.5646,4.4171,0
T00371,2026-01-16 10:00:00,email,basic,452,3,677,0.430541,0,1,0.033953,0,9.517,4.1141,0
T00372,2026-01-16 11:00:00,chat,basic,183,0,543,-0.13981,0,0,0.032328,0,10.3179,4.9298,0
T00373,2026-01-16 12:00:00,chat,enterprise,193,0,1856,0.833369,0,0,0.020926,0,3.8975,5.0,0
T00374,2026-01-16 13:00:00,email,basic,161,2,493,0.509122,0,0,0.032126,1,17.5922,2.9634,1
T00375,2026-01-16 14:00:00,email,basic,215,0,1899,-0.128035,0,0,0.05686,0,28.8162,4.0865,0
T00376,2026-01-16 15:00:00,chat,plus,277,3,1370,-0.082303,0,0,0.348519,1,30.18,2.7757,1
T00377,2026-01-16 16:00:00,chat,basic,254,1,1599,-0.51943,0,0,0.133273,0,19.2698,3.6969,0
T00378,2026-01-16 17:00:00,email,basic,72,1,41,-0.152436,0,0,0.128621,0,10.8969,4.8803,0
T00379,2026-01-16 18:00:00,chat,plus,62,1,1329,0.02175,1,0,0.039007,0,8.8478,4.6873,0
T00380,2026-01-16 19:00:00,email,basic,99,1,494,-0.336412,0,0,0.184302,0,5.806,4.2167,0
T00381,2026-01-16 20:00:00,email,basic,81,2,1907,0.923141,0,0,0.045289,0,5.8912,4.6806,0
T00382,2026-01-16 21:00:00,chat,plus,68,2,1677,-0.542784,0,0,0.42147,0,11.8532,4.0127,0
T00383,2026-01-16 22:00:00,email,basic,133,2,422,-0.767645,0,0,0.05438,0,5.833,4.3247,0
T00384,2026-01-16 23:00:00,chat,basic,129,2,1303,0.313454,0,0,0.067444,0,11.2129,4.2436,0
T00385,2026-01-17 00:00:00,email,plus,203,0,226,0.952029,0,0,0.015497,0,11.9474,4.5702,0
T00386,2026-01-17 01:00:00,chat,plus,126,1,1972,0.507386,0,0,0.049683,0,7.3884,4.5046,0
T00387,2026-01-17 02:00:00,email,plus,507,0,811,-0.112367,0,0,0.073266,0,13.3056,4.6557,0
T00388,2026-01-17 03:00:00,email,plus,95,0,153,-0.900464,0,0,0.204124,0,13.9471,4.4829,0
T00389,2026-01-17 04:00:00,phone,basic,117,0,1206,-0.542296,0,0,0.059869,0,5.8427,4.0212,0
T00390,2026-01-17 05:00:00,chat,basic,189,0,384,0.884301,0,0,0.048903,0,10.4883,4.2287,0
T00391,2026-01-17 06:00:00,chat,basic,213,0,1798,-0.664767,0,0,0.353781,0,4.3789,4.606,0
T00392,2026-01-17 07:00:00,email,plus,98,1,34,-0.904292,0,0,0.360541,0,15.3512,3.9695,0
T00393,2026-01-17 08:00:00,chat,basic,156,2,1096,-0.402332,1,0,0.148349,0,18.3118,4.2573,0
T00394,2026-01-17 09:00:00,chat,basic,105,2,1059,-0.09042,0,0,0.256161,0,3.5365,4.1114,0
T00395,2026-01-17 10:00:00,email,basic,213,0,874,0.292085,0,0,0.045988,0,10.105,4.7931,0
T00396,2026-01-17 11:00:00,email,plus,229,0,24,-0.421938,0,0,0.062389,0,4.279,2.7251,0
T00397,2026-01-17 12:00:00,email,plus,140,2,1232,0.99032,0,0,0.062195,0,3.9803,4.9415,0
T00398,2026-01-17 13:00:00,email,basic,36,4,426,-0.520751,1,0,0.205084,0,10.2183,3.8274,0
T00399,2026-01-17 14:00:00,chat,basic,69,2,87,-0.223869,1,0,0.090297,0,16.8405,4.3125,0
T00400,2026-01-17 15:00:00,phone,basic,132,2,35,0.45227,0,0,0.018172,0,24.1004,3.7014,0
T00401,2026-01-17 16:00:00,email,basic,102,3,1710,0.68564,0,0,0.009333,0,12.4877,4.3418,0
T00402,2026-01-17 17:00:00,chat,basic,77,1,1071,-0.819134,1,0,0.201225,0,3.5734,4.9079,0
T00403,2026-01-17 18:00:00,email,basic,140,1,2068,-0.990461,1,0,0.334095,1,20.2596,2.499,1
T00404,2026-01-17 19:00:00,email,basic,85,1,2050,0.275114,0,0,0.075333,0,27.0441,4.2196,0
T00405,2026-01-17 20:00:00,email,plus,145,0,1030,-0.710463,1,0,0.07043,0,22.2543,3.796,0
T00406,2026-01-17 21:00:00,email,plus,229,2,585,0.785204,1,1,0.082347,0,11.8732,4.3139,0
T00407,2026-01-17 22:00:00,chat,basic,99,1,2163,0.425078,0,0,0.020327,0,4.1353,3.9547,0
T00408,2026-01-17 23:00:00,chat,basic,197,4,890,0.553986,0,0,0.037283,0,3.8641,4.3523,0
T00409,2026-01-18 00:00:00,chat,enterprise,107,0,2107,0.380003,0,0,0.014442,0,6.4795,4.4542,0
T00410,2026-01-18 01:00:00,chat,plus,99,3,1105,-0.51232,0,0,0.141218,0,9.8442,5.0,0
T00411,2026-01-18 02:00:00,email,basic,172,0,447,0.517185,1,0,0.015531,0,4.0004,4.1619,0
T00412,2026-01-18 03:00:00,email,basic,86,4,39,0.647834,0,0,0.127651,0,13.0911,3.417,0
T00413,2026-01-18 04:00:00,email,enterprise,255,1,915,0.308223,0,0,0.105715,0,5.7151,4.282,0
T00414,2026-01-18 05:00:00,chat,plus,422,2,2166,-0.895849,0,0,0.132805,0,8.8382,3.93,0
T00415,2026-01-18 06:00:00,email,basic,134,1,1376,-0.927092,0,0,0.108565,0,5.4603,4.8461,0
T00416,2026-01-18 07:00:00,email,enterprise,76,2,97,0.340694,0,0,0.146983,0,7.2437,4.5436,0
T00417,2026-01-18 08:00:00,chat,basic,59,1,1663,0.666011,0,0,0.053467,0,25.8095,3.3059,0
T00418,2026-01-18 09:00:00,email,basic,419,2,1736,-0.369129,0,1,0.243271,0,9.1539,4.4038,0
T00419,2026-01-18 10:00:00,chat,plus,238,3,1537,0.918859,0,1,0.018192,0,8.2688,4.6045,0
T00420,2026-01-18 11:00:00,email,plus,76,2,262,-0.974031,0,0,0.313873,0,12.9086,3.8901,0
T00421,2026-01-18 12:00:00,chat,enterprise,35,2,457,0.193776,0,0,0.07809,0,6.7455,3.8838,0
T00422,2026-01-18 13:00:00,email,plus,129,4,604,-0.057366,0,1,0.253581,0,19.8726,4.2451,0
T00423,2026-01-18 14:00:00,chat,enterprise,328,1,522,0.68931,0,0,0.150241,1,34.6838,2.3009,1
T00424,2026-01-18 15:00:00,email,basic,90,3,1554,-0.933544,0,0,0.131188,0,13.4892,5.0,0
T00425,2026-01-18 16:00:00,email,basic,485,2,281,-0.163229,0,0,0.090879,0,2.3471,4.9035,0
T00426,2026-01-18 17:00:00,email,enterprise,117,0,491,0.011505,0,0,0.109285,0,10.3746,4.4542,0
T00427,2026-01-18 18:00:00,phone,basic,118,2,1393,-0.560583,0,0,0.074139,0,28.5483,3.9187,0
T00428,2026-01-18 19:00:00,phone,basic,55,3,994,-0.193071,1,0,0.692911,1,26.087,3.0135,1
T00429,2026-01-18 20:00:00,chat,basic,83,1,950,-0.967428,0,0,0.073502,1,20.4459,3.3885,0
T00430,2026-01-18 21:00:00,email,basic,56,1,1056,0.694905,0,0,0.035731,0,12.9556,3.6983,0
T00431,2026-01-18 22:00:00,chat,plus,153,2,1800,-0.84538,0,0,0.050112,0,6.0168,4.5885,0
T00432,2026-01-18 23:00:00,chat,basic,113,3,2171,0.755066,0,0,0.113712,0,4.7393,4.104,0
T00433,2026-01-19 00:00:00,email,basic,122,2,974,-0.147645,0,0,0.067849,1,21.7907,2.3666,1
T00434,2026-01-19 01:00:00,phone,plus,132,2,836,-0.869345,1,1,0.682886,1,20.8374,2.9602,0
T00435,2026-01-19 02:00:00,email,plus,144,0,1084,-0.523555,0,0,0.137933,0,3.2472,3.8786,0
T00436,2026-01-19 03:00:00,chat,basic,77,3,2084,-0.813657,0,0,0.25891,0,17.5769,4.3181,0
T00437,2026-01-19 04:00:00,phone,basic,246,3,467,-0.176824,0,0,0.077312,0,21.6556,4.0388,0
T00438,2026-01-19 05:00:00,email,basic,307,1,1676,-0.961582,0,0,0.073657,0,12.2007,4.3385,0
T00439,2026-01-19 06:00:00,email,plus,399,1,744,0.942405,1,1,0.100945,0,11.6382,3.7806,0
T00440,2026-01-19 07:00:00,email,basic,220,0,711,-0.397537,0,0,0.027579,0,22.9458,4.5207,0
T00441,2026-01-19 08:00:00,chat,basic,142,2,2071,-0.128719,0,0,0.043742,0,6.6345,4.2235,0
T00442,2026-01-19 09:00:00,chat,basic,266,2,1177,-0.869442,0,0,0.180337,0,3.1014,4.0827,0
T00443,2026-01-19 10:00:00,email,enterprise,244,0,609,0.385274,0,0,0.064206,0,1.2694,4.6042,0
T00444,2026-01-19 11:00:00,email,basic,253,2,1549,0.799105,0,1,0.171922,0,11.6845,4.665,0
T00445,2026-01-19 12:00:00,email,enterprise,133,1,1509,-0.7234,0,0,0.103568,1,38.6494,2.453,1
T00446,2026-01-19 13:00:00,email,basic,232,3,1183,-0.125927,0,0,0.046481,0,11.7956,5.0,0
T00447,2026-01-19 14:00:00,email,basic,330,3,367,-0.004715,0,0,0.056633,0,9.7459,4.3682,0
T00448,2026-01-19 15:00:00,phone,plus,102,1,2063,-0.678244,1,0,0.185874,0,2.1057,4.0763,0
T00449,2026-01-19 16:00:00,email,basic,161,0,478,0.739355,0,0,0.062572,0,1.2821,4.125,0
T00450,2026-01-19 17:00:00,phone,basic,192,2,1777,0.724411,0,0,0.054397,0,23.0903,4.8732,0
T00451,2026-01-19 18:00:00,email,plus,171,2,1156,0.13663,0,0,0.133522,0,4.6927,3.525,0
T00452,2026-01-19 19:00:00,email,basic,244,3,379,-0.916319,0,0,0.302795,0,4.8326,4.3501,0
T00453,2026-01-19 20:00:00,chat,basic,127,2,1458,0.40043,1,0,0.111655,0,15.3644,4.0877,0
T00454,2026-01-19 21:00:00,email,basic,204,1,409,-0.668174,0,0,0.117484,0,3.6582,4.5461,0
T00455,2026-01-19 22:00:00,email,basic,196,3,1482,-0.466717,0,0,0.066227,0,11.4023,4.938,0
T00456,2026-01-19 23:00:00,chat,plus,130,2,2059,0.7505,1,0,0.056573,0,11.4082,5.0,0
T00457,2026-01-20 00:00:00,email,basic,228,1,1308,0.48087,0,0,0.071416,0,7.3613,4.7846,0
T00458,2026-01-20 01:00:00,chat,enterprise,115,4,163,0.796844,0,0,0.090137,0,25.2928,3.9223,0
T00459,2026-01-20 02:00:00,chat,enterprise,283,1,947,0.437238,1,0,0.095033,0,15.9096,4.3384,0
T00460,2026-01-20 03:00:00,email,basic,468,0,872,-0.310171,0,0,0.276692,0,1.6454,5.0,0
T00461,2026-01-20 04:00:00,chat,plus,80,0,934,0.270188,0,0,0.030855,0,19.6141,3.6292,0
T00462,2026-01-20 05:00:00,chat,basic,149,1,1035,-0.558196,0,0,0.125926,0,19.8647,3.4587,0
T00463,2026-01-20 06:00:00,email,basic,336,0,980,0.559529,0,0,0.026584,0,18.5061,4.1371,0
T00464,2026-01-20 07:00:00,chat,plus,165,1,1954,0.700468,0,0,0.013271,0,10.1591,5.0,0
T00465,2026-01-20 08:00:00,chat,plus,294,1,1763,0.933309,0,0,0.028149,0,13.6546,4.3466,0
T00466,2026-01-20 09:00:00,email,enterprise,236,3,672,-0.998771,0,0,0.312,0,24.0164,3.7616,0
T00467,2026-01-20 10:00:00,chat,enterprise,249,2,1430,0.346111,0,0,0.198819,1,18.4276,3.1163,1
T00468,2026-01-20 11:00:00,email,basic,288,1,1501,0.673573,0,0,0.033463,0,10.5043,4.7295,0
T00469,2026-01-20 12:00:00,chat,plus,254,0,226,0.024255,1,0,0.156699,1,19.1636,3.1463,1
T00470,2026-01-20 13:00:00,phone,basic,82,4,1894,-0.565049,0,0,0.142913,0,4.3624,5.0,0
T00471,2026-01-20 14:00:00,chat,basic,494,4,1182,0.907453,0,0,0.081547,0,19.6458,3.729,0
T00472,2026-01-20 15:00:00,phone,basic,243,7,1424,-0.750009,0,0,0.380089,0,3.7918,4.8697,0
T00473,2026-01-20 16:00:00,chat,basic,137,3,1701,-0.16787,0,0,0.089138,0,7.5469,4.5384,0
T00474,2026-01-20 17:00:00,phone,plus,157,4,1477,0.971157,0,0,0.034415,0,10.927,3.3646,0
T00475,2026-01-20 18:00:00,email,plus,453,1,803,-0.881687,0,1,0.601194,0,1.7511,4.5434,0
T00476,2026-01-20 19:00:00,chat,basic,236,1,1071,-0.736375,0,0,0.127895,0,3.6369,3.9434,0
T00477,2026-01-20 20:00:00,chat,basic,167,3,683,0.564943,0,0,0.111275,0,8.8216,4.8475,0
T00478,2026-01-20 21:00:00,chat,basic,313,0,2163,-0.89113,0,0,0.029337,0,8.5459,3.8371,0
T00479,2026-01-20 22:00:00,email,plus,124,0,1560,-0.589616,1,0,0.228971,0,6.7851,4.1649,0
T00480,2026-01-20 23:00:00,email,basic,76,3,1464,0.453358,0,1,0.497591,0,4.3292,4.7519,0
T00481,2026-01-21 00:00:00,chat,basic,330,1,1245,0.249222,1,0,0.078702,0,1.609,4.8739,0
T00482,2026-01-21 01:00:00,chat,basic,67,2,878,0.741319,0,1,0.134011,0,8.0318,3.9563,0
T00483,2026-01-21 02:00:00,email,basic,188,1,251,0.892736,0,0,0.013638,0,4.1707,4.0449,0
T00484,2026-01-21 03:00:00,email,basic,295,2,2196,0.183005,1,0,0.220095,0,3.29,4.1157,0
T00485,2026-01-21 04:00:00,chat,basic,40,2,2035,0.360492,0,1,0.171339,0,2.2441,4.2423,0
T00486,2026-01-21 05:00:00,email,plus,153,3,375,-0.840753,1,0,0.174293,0,11.2657,4.5192,0
T00487,2026-01-21 06:00:00,chat,basic,165,1,562,0.883482,0,0,0.029281,0,5.4503,4.5086,0
T00488,2026-01-21 07:00:00,chat,basic,108,2,2063,0.839648,0,0,0.027396,0,7.3755,4.4114,0
T00489,2026-01-21 08:00:00,email,plus,252,0,1547,-0.48681,0,0,0.224636,0,21.4395,3.8235,0
T00490,2026-01-21 09:00:00,phone,plus,268,1,118,0.320648,0,0,0.048145,0,18.7576,4.4401,0
T00491,2026-01-21 10:00:00,chat,basic,146,2,957,0.171886,1,0,0.161578,0,2.3634,4.7859,0
T00492,2026-01-21 11:00:00,email,plus,356,1,497,-0.420899,0,0,0.096179,0,4.3333,4.9232,0
T00493,2026-01-21 12:00:00,phone,enterprise,275,2,1350,-0.080117,1,0,0.327955,1,23.5222,2.9063,1
T00494,2026-01-21 13:00:00,email,basic,150,1,32,0.692177,0,0,0.025619,0,10.262,4.3461,0
T00495,2026-01-21 14:00:00,chat,plus,162,2,717,0.473102,1,0,0.063093,0,24.7205,5.0,0
T00496,2026-01-21 15:00:00,chat,basic,136,2,1252,0.55175,1,1,0.229585,0,15.8447,4.1798,0
T00497,2026-01-21 16:00:00,email,basic,108,1,1407,0.822449,0,0,0.021947,0,1.4405,5.0,0
T00498,2026-01-21 17:00:00,chat,basic,232,4,1018,0.229601,0,0,0.062184,1,20.7692,2.5269,0
T00499,2026-01-21 18:00:00,chat,basic,199,0,1138,-0.337267,0,0,0.11661,0,26.3002,3.6322,0
T00500,2026-01-21 19:00:00,chat,basic,228,1,2156,0.529177,1,0,0.146562,0,9.9833,4.2625,0
T00501,2026-01-21 20:00:00,phone,enterprise,252,0,1040,-0.60424,1,0,0.326655,1,27.5843,2.6966,0
T00502,2026-01-21 21:00:00,email,basic,167,0,2123,-0.833984,0,1,0.334983,0,19.8595,3.3325,0
T00503,2026-01-21 22:00:00,chat,basic,87,2,283,-0.645863,0,0,0.050936,0,2.8634,4.1779,0
T00504,2026-01-21 23:00:00,email,basic,89,1,1214,-0.79302,0,0,0.175706,0,19.6318,4.5232,0
T00505,2026-01-22 00:00:00,chat,basic,90,2,1113,-0.06265,0,0,0.082492,0,11.49,4.2132,0
T00506,2026-01-22 01:00:00,chat,basic,193,0,1069,-0.928684,0,0,0.255945,1,17.2083,3.1722,1
T00507,2026-01-22 02:00:00,chat,enterprise,272,2,416,-0.548371,0,0,0.086291,0,8.3961,3.9099,0
T00508,2026-01-22 03:00:00,phone,basic,205,2,1042,0.584213,0,0,0.057876,0,4.2057,4.6132,0
T00509,2026-01-22 04:00:00,chat,basic,380,3,632,0.284436,0,0,0.046268,0,21.0393,4.2652,0
T00510,2026-01-22 05:00:00,email,basic,66,0,1207,0.053094,0,0,0.080391,0,4.8234,5.0,0
T00511,2026-01-22 06:00:00,chat,basic,307,0,1633,0.463862,0,0,0.067183,0,6.5877,4.3444,0
T00512,2026-01-22 07:00:00,email,basic,330,1,56,-0.949118,0,0,0.082012,0,17.394,4.2107,0
T00513,2026-01-22 08:00:00,phone,basic,84,4,794,-0.70899,0,0,0.338025,1,22.4123,2.4777,0
T00514,2026-01-22 09:00:00,chat,plus,53,1,1495,0.18259,1,0,0.27609,0,19.0179,4.5715,0
T00515,2026-01-22 10:00:00,email,enterprise,150,0,326,0.154404,0,0,0.050433,0,1.5164,5.0,0
T00516,2026-01-22 11:00:00,chat,plus,195,2,429,0.397778,1,0,0.265573,0,13.2812,5.0,0
T00517,2026-01-22 12:00:00,email,plus,433,2,607,0.318964,0,0,0.028079,0,2.7003,4.8534,0
T00518,2026-01-22 13:00:00,chat,enterprise,188,3,1169,0.721186,1,0,0.066234,0,10.7048,4.4003,0
T00519,2026-01-22 14:00:00,chat,enterprise,140,2,675,-0.552819,1,0,0.073133,1,26.6741,2.1588,0
T00520,2026-01-22 15:00:00,chat,basic,220,2,1388,-0.160274,0,0,0.098653,1,23.0162,2.6305,1
T00521,2026-01-22 16:00:00,chat,basic,76,2,575,0.515671,0,1,0.11878,0,14.3189,4.2614,0
T00522,2026-01-22 17:00:00,phone,basic,226,1,1682,-0.158585,1,0,0.149901,0,7.4751,4.7013,0
T00523,2026-01-22 18:00:00,phone,basic,130,0,1174,-0.148993,0,0,0.033663,1,39.4781,1.8687,1
T00524,2026-01-22 19:00:00,email,plus,245,2,1205,0.724988,0,0,0.02746,0,6.0041,5.0,0
T00525,2026-01-22 20:00:00,phone,basic,251,2,1539,0.395074,1,0,0.141771,0,8.2725,4.6591,0
T00526,2026-01-22 21:00:00,email,basic,84,2,430,-0.71308,1,0,0.504979,0,11.4284,4.075,0
T00527,2026-01-22 22:00:00,email,basic,242,1,694,-0.557401,0,0,0.085325,0,6.4286,5.0,0
T00528,2026-01-22 23:00:00,chat,plus,318,1,933,0.163086,0,0,0.105025,0,6.2038,4.7029,0
T00529,2026-01-23 00:00:00,email,enterprise,101,1,1312,-0.152489,0,0,0.108218,0,11.6743,4.8709,0
T00530,2026-01-23 01:00:00,email,basic,131,1,1632,0.670717,1,0,0.162549,0,15.6436,4.3374,0
T00531,2026-01-23 02:00:00,chat,basic,80,3,1238,0.775407,0,0,0.073093,0,3.714,4.6521,0
T00532,2026-01-23 03:00:00,email,basic,189,1,980,0.390007,0,0,0.076709,0,10.9243,5.0,0
T00533,2026-01-23 04:00:00,chat,basic,129,0,2173,-0.230701,0,0,0.147209,0,0.7061,4.5422,0
T00534,2026-01-23 05:00:00,email,basic,84,0,713,0.756851,0,0,0.025299,0,9.5226,4.3472,0
T00535,2026-01-23 06:00:00,email,enterprise,151,3,648,-0.373834,0,0,0.099318,1,31.6956,2.29,0
T00536,2026-01-23 07:00:00,email,plus,89,0,1860,0.438031,1,0,0.070692,0,14.275,4.0551,0
T00537,2026-01-23 08:00:00,email,basic,453,1,1386,0.299978,0,0,0.138344,0,12.6427,5.0,0
T00538,2026-01-23 09:00:00,phone,basic,253,1,932,0.445819,1,0,0.203516,0,8.2397,4.5413,0
T00539,2026-01-23 10:00:00,email,enterprise,284,2,1411,-0.104966,0,0,0.196553,0,3.1132,4.773,0
T00540,2026-01-23 11:00:00,email,basic,88,1,1856,-0.039051,0,0,0.033401,0,16.8725,4.6599,0
T00541,2026-01-23 12:00:00,chat,basic,241,4,1110,-0.844143,0,1,0.424022,0,3.7358,5.0,0
T00542,2026-01-23 13:00:00,email,basic,41,1,1589,-0.125816,0,1,0.406798,1,33.4198,1.6082,1
T00543,2026-01-23 14:00:00,email,basic,317,3,557,-0.982599,1,0,0.520298,0,14.0057,4.2673,0
T00544,2026-01-23 15:00:00,email,basic,266,0,138,0.773358,1,0,0.104084,0,9.6339,4.4376,0
T00545,2026-01-23 16:00:00,phone,basic,412,2,638,0.935145,1,0,0.01571,0,18.0457,2.8019,0
T00546,2026-01-23 17:00:00,chat,plus,218,0,1598,-0.716744,0,0,0.065819,0,26.86,3.7269,0
T00547,2026-01-23 18:00:00,chat,basic,187,0,120,0.948587,1,0,0.069934,0,15.1253,4.298,0
T00548,2026-01-23 19:00:00,chat,basic,188,0,152,-0.566765,0,0,0.311172,0,12.2508,5.0,0
T00549,2026-01-23 20:00:00,email,basic,191,0,589,0.164482,1,0,0.318055,0,11.7159,4.3505,0
T00550,2026-01-23 21:00:00,email,basic,428,0,1070,0.425881,0,0,0.02732,0,11.6941,4.4941,0
T00551,2026-01-23 22:00:00,chat,basic,84,2,109,-0.654712,0,0,0.282762,0,16.0789,4.1003,0
T00552,2026-01-23 23:00:00,chat,plus,534,0,628,0.046102,0,0,0.078642,0,13.6577,4.3411,0
T00553,2026-01-24 00:00:00,chat,plus,82,2,866,0.01684,0,1,0.152862,1,25.1284,2.4453,1
T00554,2026-01-24 01:00:00,email,basic,192,0,1870,-0.386345,0,0,0.110051,0,28.6999,3.4497,0
T00555,2026-01-24 02:00:00,email,basic,71,1,2196,-0.761137,0,0,0.156299,0,6.6307,3.9739,0
T00556,2026-01-24 03:00:00,chat,plus,104,2,2076,-0.141273,0,0,0.224826,1,18.6016,3.7132,0
T00557,2026-01-24 04:00:00,chat,basic,151,2,108,0.743415,1,0,0.079963,0,4.6797,5.0,0
T00558,2026-01-24 05:00:00,email,plus,306,1,254,0.141435,1,0,0.157975,0,20.8167,4.4305,0
T00559,2026-01-24 06:00:00,email,plus,129,1,1733,-0.143724,1,0,0.199852,0,11.7426,4.3439,0
T00560,2026-01-24 07:00:00,chat,plus,63,0,1225,0.556743,0,0,0.012306,0,9.0113,4.0912,0
T00561,2026-01-24 08:00:00,phone,plus,283,4,1285,-0.437166,1,1,0.550258,1,30.1723,2.6683,0
T00562,2026-01-24 09:00:00,phone,plus,499,3,1548,0.523959,1,0,0.085745,1,24.0862,2.7195,1
T00563,2026-01-24 10:00:00,email,basic,141,1,1812,-0.999293,0,0,0.030899,1,24.399,2.5915,1
T00564,2026-01-24 11:00:00,chat,basic,200,7,1605,0.64239,0,0,0.029121,0,14.6922,3.9962,0
T00565,2026-01-24 12:00:00,email,plus,365,0,811,-0.268828,1,0,0.351578,0,1.4321,4.6356,0
T00566,2026-01-24 13:00:00,email,basic,146,2,947,0.015594,0,0,0.037289,0,8.7329,4.2113,0
T00567,2026-01-24 14:00:00,email,basic,302,0,1285,-0.319031,0,0,0.100798,0,13.3685,4.5008,0
T00568,2026-01-24 15:00:00,phone,basic,37,1,1703,0.152621,1,0,0.085108,0,6.5485,4.0596,0
T00569,2026-01-24 16:00:00,phone,basic,176,1,1868,0.770692,1,0,0.187364,1,21.827,3.0707,0
T00570,2026-01-24 17:00:00,phone,basic,141,1,1760,0.718774,1,0,0.199679,0,9.4264,4.5279,0
T00571,2026-01-24 18:00:00,email,basic,235,0,1557,0.876761,0,0,0.05201,0,6.9117,4.5634,0
T00572,2026-01-24 19:00:00,email,enterprise,78,3,587,-0.017928,0,0,0.155138,1,31.255,3.2249,0
T00573,2026-01-24 20:00:00,chat,basic,320,2,700,0.717849,0,0,0.071315,0,10.1285,4.4078,0
T00574,2026-01-24 21:00:00,email,basic,41,3,1372,0.18065,1,0,0.655759,0,38.0561,3.4347,0
T00575,2026-01-24 22:00:00,email,plus,75,1,138,0.223576,1,1,0.164489,0,6.5588,5.0,0
T00576,2026-01-24 23:00:00,chat,basic,401,2,350,-0.793573,1,0,0.284138,1,23.0191,2.623,1
T00577,2026-01-25 00:00:00,email,basic,130,1,1137,-0.840448,0,0,0.086114,0,6.6586,4.1231,0
T00578,2026-01-25 01:00:00,phone,enterprise,336,1,1806,0.741002,0,0,0.100582,0,12.9776,3.9664,0
T00579,2026-01-25 02:00:00,chat,basic,75,3,51,0.417313,1,0,0.111859,0,1.8999,4.339,0
T00580,2026-01-25 03:00:00,chat,basic,279,1,1202,0.471484,0,0,0.044947,0,5.2139,4.6518,0
T00581,2026-01-25 04:00:00,phone,plus,80,2,1869,-0.136023,0,0,0.213265,0,4.5254,4.6893,0
T00582,2026-01-25 05:00:00,email,basic,376,2,1706,0.362177,0,0,0.04524,0,11.2142,4.4814,0
T00583,2026-01-25 06:00:00,email,basic,142,2,406,0.073171,0,0,0.121526,0,2.236,4.695,0
T00584,2026-01-25 07:00:00,chat,enterprise,185,3,528,0.187372,0,0,0.167366,1,19.4183,2.8403,1
T00585,2026-01-25 08:00:00,email,basic,158,1,57,-0.831053,1,0,0.241451,1,21.4116,3.3582,0
T00586,2026-01-25 09:00:00,email,basic,213,4,978,-0.821184,0,0,0.377867,0,0.9553,4.7334,0
T00587,2026-01-25 10:00:00,chat,basic,171,0,842,-0.633963,0,0,0.217621,0,8.7272,4.8276,0
T00588,2026-01-25 11:00:00,chat,plus,169,3,32,0.792726,1,0,0.066656,0,9.4595,3.9521,0
T00589,2026-01-25 12:00:00,chat,basic,142,1,1056,-0.673286,0,0,0.295328,0,31.5846,3.9878,0
T00590,2026-01-25 13:00:00,email,basic,698,0,2140,0.497013,0,0,0.027661,0,7.5602,4.1127,0
T00591,2026-01-25 14:00:00,chat,plus,278,1,598,-0.63021,0,0,0.218458,1,21.2012,1.9131,0
T00592,2026-01-25 15:00:00,email,enterprise,123,0,821,-0.820927,0,0,0.077949,1,39.5232,1.9895,1
T00593,2026-01-25 16:00:00,chat,enterprise,87,3,72,0.597809,0,0,0.027784,0,6.7239,4.2142,0
T00594,2026-01-25 17:00:00,chat,basic,78,3,120,-0.370461,1,0,0.104814,0,6.2262,4.5076,0
T00595,2026-01-25 18:00:00,chat,basic,1753,3,2172,-0.222551,0,0,0.122526,0,12.43,3.7047,0
T00596,2026-01-25 19:00:00,chat,basic,251,1,1346,-0.754834,0,0,0.134429,0,11.5948,4.7268,0
T00597,2026-01-25 20:00:00,email,basic,245,1,11,0.509159,0,0,0.040591,0,2.0346,4.1341,0
T00598,2026-01-25 21:00:00,chat,basic,34,1,949,0.724718,0,0,0.057628,0,10.6578,4.6877,0
T00599,2026-01-25 22:00:00,email,plus,102,1,1685,0.99801,1,0,0.04136,0,6.8563,4.0807,0
T00600,2026-01-25 23:00:00,email,basic,354,1,1583,0.229235,0,0,0.183741,0,8.5174,4.6098,0
T00601,2026-01-26 00:00:00,email,plus,70,4,605,-0.417787,1,0,0.156505,0,8.9535,4.5568,0
T00602,2026-01-26 01:00:00,chat,plus,95,3,314,-0.613904,1,0,0.306932,1,29.8286,2.803,1
T00603,2026-01-26 02:00:00,chat,enterprise,177,1,2107,-0.653359,0,0,0.212447,0,13.115,4.3796,0
T00604,2026-01-26 03:00:00,phone,enterprise,94,1,979,-0.684791,1,0,0.427138,0,15.0645,3.8642,0
T00605,2026-01-26 04:00:00,email,plus,402,2,2090,0.619705,0,0,0.142501,0,12.3917,4.6857,0
T00606,2026-01-26 05:00:00,chat,basic,127,0,182,-0.257076,1,0,0.421415,0,10.6637,5.0,0
T00607,2026-01-26 06:00:00,email,plus,380,1,1719,0.520993,0,0,0.09448,0,5.0227,4.9683,0
T00608,2026-01-26 07:00:00,email,basic,326,4,424,-0.112604,0,0,0.128333,0,14.0575,4.0578,0
T00609,2026-01-26 08:00:00,email,basic,107,2,1772,0.883938,0,0,0.058561,0,35.0455,2.8897,0
T00610,2026-01-26 09:00:00,chat,basic,137,1,789,-0.603887,1,0,0.141812,0,25.8593,3.5569,0
T00611,2026-01-26 10:00:00,email,basic,217,2,1754,-0.739803,1,0,0.201246,0,7.8049,4.1064,0
T00612,2026-01-26 11:00:00,email,enterprise,393,0,806,-0.957408,1,1,0.613373,0,3.6118,4.8333,0
T00613,2026-01-26 12:00:00,email,enterprise,409,2,1707,-0.10794,0,0,0.17214,1,24.9297,2.4773,0
T00614,2026-01-26 13:00:00,email,basic,166,0,1376,-0.285253,0,0,0.093,0,16.0628,4.3845,0
T00615,2026-01-26 14:00:00,phone,basic,229,3,1981,-0.731261,0,0,0.144043,0,9.7123,3.5964,0
T00616,2026-01-26 15:00:00,email,plus,459,3,1282,-0.619021,0,0,0.230929,0,2.4014,4.2647,0
T00617,2026-01-26 16:00:00,email,plus,289,1,661,0.653769,0,0,0.105396,0,15.2365,4.6099,0
T00618,2026-01-26 17:00:00,email,basic,169,4,626,0.128174,1,0,0.281344,0,12.4226,4.2,0
T00619,2026-01-26 18:00:00,email,basic,250,1,1185,0.427072,1,0,0.048272,0,10.3378,4.8236,0
T00620,2026-01-26 19:00:00,chat,basic,199,2,1276,-0.209906,0,0,0.026682,0,13.5459,3.4537,0
T00621,2026-01-26 20:00:00,phone,basic,264,0,1624,-0.638187,0,0,0.086531,1,19.0375,2.5972,1
T00622,2026-01-26 21:00:00,phone,enterprise,474,2,967,-0.115213,0,0,0.170222,0,6.4854,4.6096,0
T00623,2026-01-26 22:00:00,phone,enterprise,202,1,1017,0.048963,0,0,0.225155,0,30.4996,4.1338,0
T00624,2026-01-26 23:00:00,email,basic,104,0,52,0.06882,0,0,0.225632,0,15.0953,4.0826,0
T00625,2026-01-27 00:00:00,phone,plus,262,1,1390,0.060929,0,0,0.199771,0,4.7928,4.2542,0
T00626,2026-01-27 01:00:00,chat,basic,131,0,1787,0.641637,0,0,0.062168,1,25.0935,2.6253,1
T00627,2026-01-27 02:00:00,email,basic,245,5,410,-0.934044,0,0,0.224771,0,27.8539,3.8499,0
T00628,2026-01-27 03:00:00,phone,plus,97,1,161,-0.457546,0,0,0.112881,0,32.605,3.5627,0
T00629,2026-01-27 04:00:00,email,basic,360,0,1346,-0.398947,1,0,0.127007,0,2.8149,5.0,0
T00630,2026-01-27 05:00:00,chat,basic,341,1,2117,0.785285,1,0,0.10447,0,23.9364,4.5135,0
T00631,2026-01-27 06:00:00,chat,basic,121,1,610,-0.820916,0,0,0.075902,0,5.9745,4.2039,0
T00632,2026-01-27 07:00:00,chat,basic,178,2,1560,0.244679,0,0,0.047659,0,9.3776,4.6154,0
T00633,2026-01-27 08:00:00,email,basic,95,1,340,0.2454,0,0,0.082588,0,6.5471,5.0,0
T00634,2026-01-27 09:00:00,email,plus,155,1,476,-0.059533,1,0,0.129288,0,14.3218,4.05,0
T00635,2026-01-27 10:00:00,email,enterprise,214,2,400,0.260535,0,0,0.08205,0,4.6148,4.5742,0
T00636,2026-01-27 11:00:00,email,basic,263,2,1911,-0.038425,0,0,0.135921,0,1.3253,4.2567,0
T00637,2026-01-27 12:00:00,email,plus,86,3,2153,0.157374,0,1,0.242574,0,6.1957,4.1616,0
T00638,2026-01-27 13:00:00,chat,plus,190,0,1246,-0.798798,1,0,0.308113,0,10.3354,4.9048,0
T00639,2026-01-27 14:00:00,email,basic,150,0,1442,-0.368807,1,0,0.127107,0,16.9711,3.7427,0
T00640,2026-01-27 15:00:00,email,plus,212,1,864,-0.352651,1,0,0.180512,0,3.8801,4.017,0
T00641,2026-01-27 16:00:00,email,basic,407,2,214,0.940044,1,0,0.09851,0,37.7905,4.2543,0
T00642,2026-01-27 17:00:00,chat,enterprise,374,2,840,0.976667,0,0,0.060436,0,2.4638,4.5726,0
T00643,2026-01-27 18:00:00,phone,basic,330,1,995,-0.293473,1,0,0.205102,0,14.0581,4.8754,0
T00644,2026-01-27 19:00:00,chat,basic,90,0,1890,0.754635,0,0,0.03857,0,4.5799,4.7179,0
T00645,2026-01-27 20:00:00,email,basic,64,2,796,0.555747,0,0,0.048535,0,10.5555,4.3671,0
T00646,2026-01-27 21:00:00,email,basic,172,5,2012,-0.615116,1,0,0.408355,0,8.9514,5.0,0
T00647,2026-01-27 22:00:00,email,basic,297,2,10,-0.5354,0,0,0.037406,0,1.2129,4.7389,0
T00648,2026-01-27 23:00:00,chat,plus,142,0,1506,0.392915,0,0,0.034887,0,2.6265,4.5383,0
T00649,2026-01-28 00:00:00,chat,basic,125,1,1835,-0.552693,0,0,0.140929,0,12.0417,4.3806,0
T00650,2026-01-28 01:00:00,phone,enterprise,135,3,717,-0.621842,0,0,0.1777,0,14.0639,3.9267,0
T00651,2026-01-28 02:00:00,phone,basic,255,2,1943,-0.132688,0,0,0.184925,0,6.6421,3.5638,0
T00652,2026-01-28 03:00:00,chat,plus,41,2,686,0.085941,0,0,0.085019,0,9.9876,4.4472,0
T00653,2026-01-28 04:00:00,email,basic,387,1,79,0.092678,1,0,0.290415,0,4.9507,4.5014,0
T00654,2026-01-28 05:00:00,email,plus,107,3,389,0.576656,0,0,0.061915,0,36.185,3.993,0
T00655,2026-01-28 06:00:00,email,basic,120,4,1322,-0.050095,0,0,0.166348,0,1.5545,4.3767,0
T00656,2026-01-28 07:00:00,email,plus,239,1,141,-0.546092,0,0,0.075966,0,12.9609,4.6046,0
T00657,2026-01-28 08:00:00,email,basic,97,1,1703,0.144238,0,0,0.073736,0,13.9773,3.9512,0
T00658,2026-01-28 09:00:00,email,plus,123,1,1079,-0.93708,0,0,0.082052,0,5.5926,3.9763,0
T00659,2026-01-28 10:00:00,email,plus,414,3,1150,-0.675719,0,0,0.267979,1,38.5728,2.5157,1
T00660,2026-01-28 11:00:00,email,plus,247,1,139,-0.281358,0,0,0.039647,1,28.6917,2.6965,1
T00661,2026-01-28 12:00:00,chat,enterprise,427,1,1606,0.501718,1,0,0.070216,1,16.579,3.0783,1
T00662,2026-01-28 13:00:00,chat,plus,256,2,1556,-0.138357,0,0,0.121561,0,10.4116,4.923,0
T00663,2026-01-28 14:00:00,phone,basic,233,1,1016,-0.230651,0,0,0.101383,0,8.0629,4.6893,0
T00664,2026-01-28 15:00:00,phone,basic,148,1,730,-0.752275,0,0,0.378681,0,15.8187,4.3375,0
T00665,2026-01-28 16:00:00,chat,basic,131,0,778,-0.077575,1,1,0.402222,0,5.3133,4.577,0
T00666,2026-01-28 17:00:00,chat,basic,69,1,544,0.257888,0,0,0.047441,0,12.6217,4.872,0
T00667,2026-01-28 18:00:00,email,plus,246,1,43,-0.439093,0,0,0.045889,0,9.3299,5.0,0
T00668,2026-01-28 19:00:00,email,basic,137,1,378,-0.235842,0,0,0.059667,0,2.2517,5.0,0
T00669,2026-01-28 20:00:00,phone,plus,246,1,613,-0.803751,0,0,0.224341,1,28.5762,2.5356,0
T00670,2026-01-28 21:00:00,chat,plus,145,1,1868,0.135266,1,0,0.116785,0,16.3581,4.5685,0
T00671,2026-01-28 22:00:00,chat,enterprise,158,2,246,-0.543994,0,0,0.090538,0,15.0101,4.6629,0
T00672,2026-01-28 23:00:00,chat,basic,89,0,1041,-0.746855,0,1,0.086581,0,20.9258,4.0847,0
T00673,2026-01-29 00:00:00,email,enterprise,119,3,1562,-0.604066,0,0,0.280065,0,8.181,4.3231,0
T00674,2026-01-29 01:00:00,chat,basic,596,0,685,-0.196925,1,0,0.32096,0,4.8863,5.0,0
T00675,2026-01-29 02:00:00,chat,basic,375,2,1786,0.861281,0,0,0.100625,0,8.9505,4.5196,0
T00676,2026-01-29 03:00:00,phone,basic,145,1,919,0.624969,0,0,0.092282,0,14.6707,4.8881,0
T00677,2026-01-29 04:00:00,chat,plus,720,0,1659,-0.882639,1,0,0.24738,0,13.0927,5.0,0
T00678,2026-01-29 05:00:00,email,basic,451,3,1842,-0.964831,0,0,0.206289,0,8.1914,4.4398,0
T00679,2026-01-29 06:00:00,chat,basic,217,1,164,0.538635,0,1,0.193596,0,9.5042,3.7985,0
T00680,2026-01-29 07:00:00,chat,basic,150,0,74,-0.280069,0,0,0.074811,0,9.4997,3.9263,0
T00681,2026-01-29 08:00:00,chat,plus,240,1,2068,0.634951,0,0,0.050808,0,15.1397,4.5632,0
T00682,2026-01-29 09:00:00,phone,basic,165,1,157,-0.452509,0,0,0.209774,0,29.1694,3.5606,0
T00683,2026-01-29 10:00:00,chat,plus,141,1,1972,-0.304317,0,0,0.168328,0,12.2261,5.0,0
T00684,2026-01-29 11:00:00,email,basic,150,2,1358,0.128091,0,0,0.027882,0,5.0549,4.1918,0
T00685,2026-01-29 12:00:00,email,basic,91,4,1487,-0.17148,0,0,0.204937,0,7.9535,3.9798,0
T00686,2026-01-29 13:00:00,email,plus,168,2,1545,0.986087,0,0,0.043295,0,9.3178,5.0,0
T00687,2026-01-29 14:00:00,email,basic,82,1,873,0.448392,1,0,0.231085,0,9.1514,4.3474,0
T00688,2026-01-29 15:00:00,chat,basic,107,1,676,0.571582,0,0,0.017418,0,14.8756,4.502,0
T00689,2026-01-29 16:00:00,email,basic,601,4,1995,-0.859004,1,0,0.364293,1,29.7341,2.5359,0
T00690,2026-01-29 17:00:00,chat,plus,232,0,896,0.408378,0,0,0.045451,0,23.5198,4.8424,0
T00691,2026-01-29 18:00:00,phone,enterprise,393,3,1093,0.452215,0,0,0.134084,0,18.4468,4.4603,0
T00692,2026-01-29 19:00:00,chat,enterprise,220,1,52,0.208333,0,0,0.232003,1,20.6172,3.0252,1
T00693,2026-01-29 20:00:00,chat,basic,289,2,1596,-0.132327,0,0,0.099863,0,2.7726,4.5111,0
T00694,2026-01-29 21:00:00,chat,plus,192,0,992,0.166208,0,0,0.092011,0,4.273,4.8855,0
T00695,2026-01-29 22:00:00,chat,plus,360,2,177,0.850906,0,0,0.01079,0,10.2763,3.8342,0
T00696,2026-01-29 23:00:00,email,basic,289,4,197,-0.907377,1,0,0.507434,1,27.5136,2.2358,0
T00697,2026-01-30 00:00:00,chat,enterprise,328,2,2001,0.869617,0,0,0.108266,0,15.3075,4.4484,0
T00698,2026-01-30 01:00:00,phone,basic,75,1,1255,0.488781,1,0,0.244029,0,11.6189,3.6802,0
T00699,2026-01-30 02:00:00,phone,basic,87,0,807,0.812199,0,0,0.119777,0,17.2298,4.0981,0
T00700,2026-01-30 03:00:00,chat,basic,196,1,913,0.973896,0,0,0.032694,1,20.8951,2.6449,0
T00701,2026-01-30 04:00:00,phone,basic,41,1,1495,-0.388997,0,0,0.248929,0,9.6066,3.841,0
T00702,2026-01-30 05:00:00,chat,basic,174,3,1891,-0.122808,0,0,0.075114,0,11.4177,4.1755,0
T00703,2026-01-30 06:00:00,chat,plus,110,1,961,0.964152,0,0,0.050289,0,12.3892,4.3206,0
T00704,2026-01-30 07:00:00,phone,plus,125,2,78,0.847829,0,0,0.016027,0,15.4335,4.5772,0
T00705,2026-01-30 08:00:00,chat,basic,129,1,1235,-0.708212,0,0,0.220947,0,12.8891,4.3287,0
T00706,2026-01-30 09:00:00,chat,plus,218,3,438,-0.04558,0,0,0.160813,0,18.7524,4.3674,0
T00707,2026-01-30 10:00:00,chat,basic,175,0,1857,0.980122,1,0,0.048116,0,14.8899,3.5571,0
T00708,2026-01-30 11:00:00,chat,basic,166,2,1637,0.976224,0,0,0.028744,0,5.5817,4.94,0
T00709,2026-01-30 12:00:00,email,basic,663,1,2161,-0.333254,0,0,0.104312,1,24.2888,2.5789,1
T00710,2026-01-30 13:00:00,email,plus,168,3,2098,0.07228,0,0,0.091204,0,16.7022,3.6657,0
T00711,2026-01-30 14:00:00,chat,basic,219,1,618,-0.245107,1,1,0.432249,0,9.5549,4.6631,0
T00712,2026-01-30 15:00:00,email,plus,178,1,718,0.163058,1,0,0.128499,1,20.4729,2.7578,1
T00713,2026-01-30 16:00:00,email,basic,338,1,1923,-0.808164,0,0,0.178326,1,31.3762,3.0901,1
T00714,2026-01-30 17:00:00,email,plus,104,0,1287,-0.041638,0,0,0.164435,0,16.544,4.4074,0
T00715,2026-01-30 18:00:00,email,basic,220,1,1247,0.037235,0,0,0.191872,0,6.197,4.2793,0
T00716,2026-01-30 19:00:00,chat,enterprise,57,0,1825,-0.020679,0,0,0.096692,0,13.1859,4.0295,0
T00717,2026-01-30 20:00:00,email,plus,238,1,1924,-0.716052,0,0,0.234486,0,15.9729,4.0294,0
T00718,2026-01-30 21:00:00,chat,basic,68,3,277,-0.872718,0,0,0.090883,1,30.9016,2.5499,1
T00719,2026-01-30 22:00:00,email,basic,280,2,781,-0.109687,0,0,0.051515,0,10.3052,5.0,0
T00720,2026-01-30 23:00:00,email,plus,80,3,2185,-0.238551,0,1,0.189788,1,18.8306,2.531,0
